category,title,content,img,url,nouns,cluster_number,related_categories
부동산,"HDC현대산업개발, 방배신삼호 재건축에 공사비 인상 2년 유예 제안","/사진제공=HDC현대산업개발HDC현대산업개발은 수의계약으로 진행되는 '방배신삼호 재건축 정비사업'에서 공사비 인상 2년 유예 조건 등을 제시했다고 4일 밝혔다.방배신삼호 재건축은 지난달 9일과 22일 두 차례 유찰을 거친 후 수의계약 절차로 전환됐고, 지난 23일 모든 입찰에 단독으로 응찰한 HDC현대산업개발이 우선협상대상자로 선정됐다. 이후 HDC현대산업개발이 제출한 수의계약 제안서에는 △평당 공사비 876만원 △공사비 인상 2년 유예 △사업비 CD+0.1% △분담금 입주시 100% △ 환급금 조기 지급 △사업촉진비 2000억원 등의 조건이 담겼다.우선 공사비를 업계 평균보다 낮췄다. HDC현대산업개발이 제시한 평당 공사비는 876만원으로 인근 신반포2차(평당 949만원), 신반포4차(평당 927만원) 등 강남권 주요 재건축 단지에 비해 저렴하다는 설명이다.특히 공사비 인상 2년간 유예 조건도 포함됐다. 서울시 조례 개정으로 인해 최근 정비사업의 시공자 선정 시점이 조합설립 이후로 변경되면서, 인허가까지는 평균 2년 이상의 시간이 소요된다. 이를 감안하면 공사비 유예 조건은 사업비 절감 측면에서 조합에 수백억원 대의 실질적 혜택을 제공할 수 있다는 설명이다.사업비 조달 금리는 CD+0.1%로 사업비 조건도 역대 최저수준이라고 밝혔다.또 HDC현대산업개발은 사업성을 획기적으로 높이기 위한 대안설계도 함께 제시했다. 조합 원안 대비 신축 세대 수를 30가구 늘리고, 고급 수요를 겨냥한 펜트하우스 8가구, 한강 조망이 가능한 125가구를 추가 확보하는 설계를 제안했다. 조합원의 초기 자금 부담을 줄이기 위한 조건도 있다. 분담금 입주시 100% 납부, 사업촉진비 2000억원 제시 등은 조합의 재정 부담을 최소화하고 사업 추진 속도를 높일 수 있는 실질적 지원책으로 설계됐다. 한편 HDC현대산업개발은 방배신삼호 단지를 지역 내 랜드마크로 탈바꿈시키겠다는 비전을 본격화 하고자 프리미엄 대안설계인 '더 스퀘어(THE SQUARE) 270'을 적용하고 '고급화 마스터 플랜'을 순차적으로 공개 중이다.",https://imgnews.pstatic.net/image/008/2025/06/04/0005203419_001_20250604151909660.jpg?type=w860,https://n.news.naver.com/mnews/article/008/0005203419,"['사진', '제공', '현대산업개발', '현대산업개발', '수의', '계약', '진행', '방', '배신', '삼호', '재건축', '정비', '사업', '공사비', '인상', '년', '유예', '조건', '등', '제시', '일', '방', '배신', '삼호', '재건축', '지난달', '일', '일', '차례', '유', '차', '후', '수의', '계약', '절차', '전환', '일', '입찰', '단독', '응찰', '현대산업개발', '우선', '협상', '대상자', '선정', '이후', '현대산업개발', '제출', '수의', '계약', '제안서', '평', '당', '공사비', '만원', '공사비', '인상', '년', '유예', '사업비', '+0', '분담금', '입', '주시', '환급', '금', '조기', '지급', '사업', '촉진', '비', '원', '등', '조건', '공사비', '업계', '평균', '현대산업개발', '제시', '평', '당', '공사비', '만원', '인근', '반포', '차', '평', '만원', '반포', '차', '평', '만원', '등', '강남', '재건축', '단지', '설명', '공사비', '인상', '2년', '간', '유예', '조건', '포함', '서울시', '조례', '개정', '인해', '최근', '정비', '사업', '시공자', '선정', '시점', '조합', '설립', '이후', '변경', '인허가', '평균', '년', '이상', '시간', '소요', '감안', '공사비', '유예', '조건', '사업비', '절감', '측면', '조합', '원', '대', '실질', '혜택', '제공', '수', '설명', '사업비', '조달', '금리', '+0', '사업비', '조건', '역대', '최저', '수준', '현대산업개발', '사업', '획기적', '대안', '설계', '제시', '조합', '원안', '대비', '신축', '세대', '수', '가구', '고급', '수요', '겨냥', '펜트하우스', '가구', '한강', '조망', '가구', '추가', '확보', '설계', '제안', '조합원', '초기', '자금', '부담', '조건', '분담금', '입', '주시', '납부', '사업', '촉진', '비', '원', '제시', '등', '조합', '재정', '부담', '최소', '사업', '추진', '속도', '수', '실질', '지원책', '설계', '한편', '현대산업개발', '방', '배신', '삼호', '단지', '지역', '랜드마크', '탈바꿈', '비전', '프리미엄', '대안', '설계', '스퀘어', '적용', '고급', '마스터', '플랜', '순차', '공개', '중']",0,"['경제-금융_재테크', '경제-부동산', '지역-강원', '경제-경제일반', '국제-중국', '국제-미국_북미', '경제-유통', '사회-사건_사고', '경제-취업_창업', '사회-사회일반', '지역-경기', '지역-제주', '지역-대구', '사회-노동_복지', '지역-충남', '지역-광주', '지역-전북', 'IT_과학-콘텐츠', '지역-충북', '지역-대전', '정치-정치일반', '문화-방송_연예', '지역-울산', '경제-증권_증시', 'IT_과학-모바일', '지역-경남', '지역-부산', '지역-전남', '경제-자동차', '사회-여성', '경제-산업_기업', 'IT_과학-인터넷_SNS', 'IT_과학-과학', 'IT_과학-보안', '문화-출판', '사회-환경', '정치-북한', '경제-반도체', '경제-무역', '문화-학술_문화재', '국제-국제일반', '문화-생활', '경제-서비스_쇼핑', '문화-미술_건축', '지역-지역일반', '경제-국제경제', '지역-경북', '문화-문화일반', '국제-중동_아프리카', '문화-전시_공연', '국제-일본', '사회-장애인', '문화-음악', '문화-요리_여행', '경제-외환', '사회-의료_건강', 'IT_과학-IT_과학일반', '경제-자원', '스포츠-스포츠일반', '스포츠-올림픽_아시안게임']"
금융,"케이뱅크 체크카드, '침착맨 에디션' 한정판 출시","케이뱅크케이뱅크(은행장 최우형)가 4일 '침착맨'과 제휴해 'ONE 체크카드 침착맨 에디션'을 4만장 한정 출시했다. 지난해 출시한 토대리, 깜자 캐릭터에 이은 세번째 한정판 체크카드 에디션이다.ONE 체크카드는 카드상품 전문 플랫폼 '카드고릴라'에서 올해 1분기 인기 체크카드 1위를 차지한 케이뱅크의 대표 체크카드다. 실적 조건과 연회비 없이 다양한 캐시백 혜택을 골라 사용할 수 있다. K패스와 대중교통 캐시백까지 제공한다. 비자(VISA)와 제휴해 해외 결제도 가능하다.투표로 선정돼 출시한 ONE 체크카드 침착맨 에디션 디자인은 △대충 흑백명언 카드 △침착하길 원하는 카드 △침착맨 와펜 카드 3종이다. 침착맨의 명언과 대표 캐릭터·CI 등을 침착맨이 직접 그린 이미지와 친필로 디자인했다.케이뱅크 관계자는 “차별화된 혜택을 제공하는 ONE 체크카드와 큰 인기를 끌고 있는 침착맨이 만나 금융 생활 속 재미와 혜택을 동시에 제공하는 에디션을 준비했다”며 “이러한 재미 요소가 실제 사업 성과로도 이어지고 있다”고 말했다.",https://imgnews.pstatic.net/image/030/2025/06/04/0003318839_001_20250604152213062.jpg?type=w860,https://n.news.naver.com/mnews/article/030/0003318839,"['케이', '뱅크', '케이', '뱅크', '은행장', '최', '우형', '일', '침착', '맨', '제휴', '체크카드', '침착', '맨', '에디션', '만장', '한정', '출시', '지난해', '출시', '토대', '리', '자', '캐릭터', '세번', '한정판', '체크카드', '에디션', '체크카드', '카드', '상품', '전문', '플랫폼', '카드', '고릴라', '올해', '분기', '인기', '체크카드', '위', '차지', '케이', '뱅크', '대표', '체크카드', '실적', '조건', '연회비', '캐시', '백', '혜택', '사용', '수', '패스', '대중교통', '캐시', '백', '제공', '비자', '제휴', '해외', '결제', '투표', '선정', '출시', '체크카드', '침착', '맨', '에디션', '디자인', '대충', '흑백', '명언', '카드', '침착', '카드', '침착', '맨', '와', '펜', '카드', '종이', '침착', '맨', '명언', '대표', '캐릭터', 'CI', '등', '침착', '맨', '이미지', '친필', '디자인', '케이', '뱅크', '관계자', '차별', '혜택', '제공', '체크카드', '인기', '침착', '맨', '금융', '생활', '속', '재미', '혜택', '동시', '제공', '에디션', '준비', '재미', '요소', '실제', '사업', '성과', '있다', '말']",-1,"['경제-금융_재테크', '경제-부동산', '정치-청와대', '정치-국회_정당', '정치-선거', '지역-강원', '경제-경제일반', '국제-중국', '사회-사건_사고', '경제-취업_창업', '사회-사회일반', '지역-경기', '지역-제주', '지역-대구', '지역-충남', '지역-광주', '지역-전북', 'IT_과학-콘텐츠', '지역-충북', '지역-대전', '정치-정치일반', '지역-울산', '경제-증권_증시', 'IT_과학-모바일', '지역-경남', '지역-부산', '지역-전남', '경제-자동차', '경제-산업_기업', 'IT_과학-인터넷_SNS', 'IT_과학-과학', 'IT_과학-보안', '정치-북한', '경제-반도체', '경제-서비스_쇼핑', '지역-지역일반', '경제-국제경제', '지역-경북', '문화-문화일반', '문화-전시_공연', '사회-장애인', '문화-영화', '경제-외환', '사회-의료_건강', 'IT_과학-IT_과학일반', '경제-자원', '정치-외교', '스포츠-스포츠일반', '스포츠-축구', '스포츠-올림픽_아시안게임', '스포츠-야구-일본프로야구']"
금융,"금융권, 이재명 정부에 자본비율 규제 완화 요청…""소상공인 지원위해 필요""","이재명 대통령 ⓒ연합뉴스[디지털데일리 강기훈 기자] 금융권이 이재명 정부에 자본 비율 규제 완화 등 당면 과제를 해결해 달라고 요청하고 있다. 소상공인과 취약계층 지원을 위해서라도 규제 완화가 꼭 필요하다는 논리다.4일 금융권에 따르면, 은행을 비롯해 금융권이 한 목소리로 정치권에 금융과 관련된 규제를 완화할 것을 촉구하고 있다. 앞서 지난달 29일에는 제언 마련을 위해 주요 시중은행 부행장 등이 참석한 비공개 회의가 은행회관에서 열리기도 했다.이재명 정부의 출범에 따른 '상생금융 시즌 3'가 예고된 상황에서 현재 금융권을 짓누르는 자본비율 규제 하에선 제대로 된 금융 지원책을 내놓기 힘들다는 판단이다.한 금융지주사 관계자는 ""은행의 책무 중 하나가 소상공인과 취약계층에 대한 금융지원""이라며 ""그런데 이런 지원 성격의 대출과 다른 일반 대출을 같은 기준으로 국제결제은행(BIS) 자본 비율 등을 산출하는 것은 적극적인 금융지원에 있어 걸림돌로 작용한다""고 지적했다.실제로 금융당국은 제조업이 포함된 기업대출을 위험가중자산(RWA)으로 분류하고 있다. 이에 가계대출보다 중소기업 대출에 더 높은 위험가중치를 적용한다. 이 때문에 은행 입장에선 금융지원을 하고 싶어도 구조적으로 크게 늘리기 힘든 이유라는 하소연이다.아울러 은행권의 가상자산업 진출 허용, 비금융 서비스 확대 또한 금융권이 이재명 정부에 요구하는 사항 중 하나다. 또, 금융그룹 계열사 간 협업을 확대하기 위해 계열사 간 정보 공유 범위를 일치시킬 것을 주문하고 있다.이같은 요구는 현재 금융권이 절박한 상황에 처했음을 보여준다.실적만 놓고봤을때 5대 금융지주(KB·신한·하나·우리·NH농협)이 올해 1분기 거둔 당기순이익은 5조6429억원으로 집계돼 1년 전(4조8663억원)보다 약 16%(7766억원) 느는 등 양호하다.그러나 연내 기준금리 인하가 두어 차례 예고돼 은행의 순이자마진(NIM) 하락이 불가피한 상황이다. 또, 이재명 정부가 내놓을 상생금융 지원책으로 조단위 지출 또한 전망된다.다른 금융권 관계자는 ""금융사도 기업인 만큼 실적이 중요한데 대내외 불확실성으로 실적 후퇴가 예상된다""며 ""상생금융뿐만 아니라 생존을 위해서라도 금융 관련 규제를 완화해준다면 숨통이 트일 것 같다""고 밝혔다.",https://imgnews.pstatic.net/image/138/2025/06/04/0002197906_001_20250604152006695.jpg?type=w860,https://n.news.naver.com/mnews/article/138/0002197906,"['이재명', '대통령', '연합뉴스', '디지털', '데일리', '강', '기후', '기자', '금융', '이재명', '정부', '자본', '비율', '규제', '완화', '등', '당면', '과제', '해결', '요청', '소상', '공인', '계층', '지원', '규제', '완화', '필요', '논리', '일', '금융', '은행', '금융', '목소리', '정치', '금융', '관련', '규제', '완화', '것', '촉구', '지난달', '일', '제언', '마련', '시중', '은행', '부행장', '등', '참석', '공개', '회의', '은행회관', '이재명', '정부', '출범', '상생', '금융', '시즌', '예고', '상황', '금융', '자본', '비율', '규제', '하', '금융', '지원책', '판단', '금융', '지', '주사', '관계자', '은행', '책무', '중', '소상', '공인', '계층', '금융', '지원', '지원', '성격', '대출', '일반', '대출', '기준', '국제결제은행', '자본', '비율', '등', '산출', '것', '적극', '금융', '지원', '걸림돌', '작용', '지적', '금융', '당국', '제조업', '포함', '기업', '대출', '위험', '가중', '자산', '분류', '가계', '대출', '중소기업', '대출', '위험', '가중치', '적용', '때문', '은행', '입장', '금융', '지원', '구조', '이유', '하소연', '이다', '은행', '상자', '산업', '진출', '허용', '금융 서비스', '확대', '금융', '이재명', '정부', '요구', '사항', '중', '금융', '그룹', '계열사', '간', '협업', '확대', '계열사', '간', '정보', '공유', '범위', '일치', '것', '주문', '요구', '금융', '상황', '실적', '때', '대', '금융', '지주', '신한', '하나', '우리', '농협', '올해', '분기', '당기', '순이익', '원', '집계', '년', '전', '원', '원', '등', '양호', '연내', '기준', '금리', '인하', '차례', '예고', '은행', '이자', '마진', '하락', '상황', '이재명', '정부', '상생', '금융', '지원책', '단위', '지출', '전망', '금융', '관계자', '금융', '사도', '기업인', '만큼', '실적', '대내외', '불확실성', '실적', '후퇴', '예상', '상생', '금융', '뿐', '생존', '금융', '관련', '규제', '완화', '숨통', '것']",-1,"['경제-금융_재테크', '경제-부동산', '정치-청와대', '정치-행정_자치', '정치-국회_정당', '정치-선거', '지역-강원', '경제-경제일반', '국제-중국', '국제-미국_북미', '경제-유통', '사회-사건_사고', '경제-취업_창업', '사회-사회일반', '지역-경기', '지역-제주', '지역-대구', '사회-노동_복지', '지역-충남', '지역-광주', '지역-전북', 'IT_과학-콘텐츠', '국제-아시아', '지역-충북', '지역-대전', '정치-정치일반', '문화-방송_연예', '지역-울산', '경제-증권_증시', 'IT_과학-모바일', '지역-경남', '지역-부산', '사회-교육_시험', '지역-전남', '경제-자동차', '사회-여성', '경제-산업_기업', 'IT_과학-인터넷_SNS', 'IT_과학-과학', 'IT_과학-보안', '문화-출판', '사회-환경', '사회-미디어', '정치-북한', '경제-반도체', '경제-무역', '국제-러시아', '문화-학술_문화재', '국제-국제일반', '국제-유럽_EU', '경제-서비스_쇼핑', '지역-지역일반', '경제-국제경제', '국제-중남미', '문화-문화일반', '국제-중동_아프리카', '국제-일본', '사회-장애인', '경제-외환', '사회-의료_건강', 'IT_과학-IT_과학일반', '경제-자원', '정치-외교', '스포츠-스포츠일반', '스포츠-월드컵', '스포츠-야구']"
금융,"[마켓인]바로운파트너스, 광주창조경제혁신센터와 유망 스타트업 발굴","스타트업 액셀러레이팅 지원 프로그램 참가 기업 모집잠지력 있는 초기·도약기 스타트업을 발굴해 성장 지원[이데일리 마켓in 박소영 기자] 초기 스타트업 전문 액셀러레이터 바로운파트너스가 광주창조경제혁신센터와 함께 ‘2025 스타트업 액셀러레이팅 지원 프로그램’을 시작한다. 바로운파트너스는 성장의 발판을 마련하고자 하는 유망 스타트업을 모집한다고 4일 밝혔다.바로운파트너스는 유망 초기 스타트업을 발굴하고 성장을 지원하는 전문 액셀러레이터다. 각 분야의 전문 파트너들과 함께 기업의 내재가치를 높이는 실전형 멘토링과 컨설팅을 제공해 스타트업이 성공적으로 시장에 안착할 수 있도록 돕는다.



이번 프로그램은 광주창조경제혁신센터가 지역 창업 생태계 활성화를 위해 조성한 ‘빛고을창업스테이션(STA·G, 스테이지)’의 핵심 사업 중 하나다. 혁신적인 아이디어와 기술력을 가진 스타트업이 광주에 성공적으로 정착하고, 큰 꿈을 펼치는 무대를 제공한다는 취지를 담고 있다. 운영사인 바로운파트너스는 맞춤형 성장 전략과 투자 유치 기회를 제공할 예정이다.프로그램으로 잠재력 있는 초기·도약기 스타트업을 발굴해 기업 진단부터 사업 모델 고도화, 시장 검증, 투자 유치에 이르기까지 전주기적 성장을 지원하고자 한다. 이를 위해 △유망 스타트업 발굴과 맞춤형 성장 로드맵 제시 △기업가치 증대를 통한 후속 투자 유치 기반 마련 △참여 기업의 전년 대비 평균 매출 10% 향상 등을 구체적인 목표로 설정했다.모집 대상은 업력 7년 이내의 초기·성장 단계 스타트업, 시드와 프리A 단계 투자 유치를 준비 중인 스타트업, 그리고 사업 모델 전환이나 확장을 고려하는 스타트업이다. 최종 선정된 기업은 오는 6월 말부터 12월까지 전문 액셀러레이팅 프로그램을 지원받게 된다.참여 스타트업은 이번 프로그램을 통해 △사업 모델 고도화를 통한 경쟁력 확보 △투자 유치를 위한 IR 역량 내재화 △실질적인 매출 증대와 시장 점유율 확대 △정부·민간 투자 연계를 통한 스케일업 성공 등 구체적인 성과를 창출할 것으로 기대된다. 바로운파트너스는 광주창조경제혁신센터와 함께 지역 내 창업 허브인 빛고을창업스테이션을 활성화해 우수 기업을 발굴하고 지역 경제 발전에 기여하는 선순환 구조를 만든다는 방침이다.이재준 바로운파트너스 대표는 “혁신적인 아이디어에 날개를 달고, 성장에 속도를 더해줄 이번 프로그램에 잠재력 있는 스타트업들의 많은 관심과 참여를 바란다”며 “광주창조경제혁신센터와 긴밀히 협력하여 참여 기업들이 실질적인 성과를 낼 수 있도록 모든 자원과 노하우를 아낌없이 지원하겠다”고 말했다.한편, 2025 스타트업 액셀러레이팅 지원 프로그램 참가 신청은 오는 6월 13일까지다. 참가를 희망하는 기업은 QR코드를 통해 접수할 수 있다. 서류·발표 평가를 거쳐 6월 20일 최종 참여 기업이 선발된다.",https://imgnews.pstatic.net/image/018/2025/06/04/0006031048_001_20250604151811564.jpg?type=w860,https://n.news.naver.com/mnews/article/018/0006031048,"['스타트', '업', '지원', '프로그램', '참가', '기업', '모집', '잠', '지력', '초기', '도약', '스타트', '업', '발굴', '성장', '지원', '이데일리', '마켓', '박소영', '기자', '초기', '스타트', '업', '전문', '액셀러레이터', '광주', '창조경제', '혁신', '센터', '스타트', '업', '지원', '프로그램', '시작', '바', '파트너', '성장', '발판', '마련', '유망', '스타트', '업', '모집', '일', '바', '파트너', '유망', '초기', '스타트', '업', '발굴', '성장', '지원', '전문', '액셀러레이터', '분야', '전문', '파트너', '기업', '내재', '가치', '실전', '멘토링', '컨설팅', '제공', '스타트', '업', '성공', '시장', '안착', '수', '이번', '프로그램', '광주', '창조경제', '혁신', '센터', '지역', '창업', '생태계', '활성', '조성', '빛', '고을', '창업', '스테이션', '스테이지', '핵심', '사업', '중', '혁신', '아이디어', '기술력', '스타트', '업', '광주', '성공', '정착', '꿈', '무대', '제공', '취지', '운영', '사인', '바', '파트너', '맞춤', '성장', '전략', '투자', '유치', '기회', '제공', '예정', '프로그램', '잠재력', '초기', '도약', '스타트', '업', '발굴', '기업', '진단', '사업', '모델', '고도', '시장', '검증', '투자', '유치', '전주', '기적', '성장', '지원', '유망', '스타트', '업', '발굴', '맞춤', '성장', '로드맵', '제시', '기업가', '증대', '후속', '투자', '유치', '기반', '마련', '참여', '기업', '전년', '대비', '평균', '매출', '향상', '등', '구체', '목표', '설정', '모집', '대상', '업', '력', '년', '이내', '초기', '성장', '단계', '스타트', '업', '시드', '프리', '단계', '투자', '유치', '준비', '중', '스타트', '업', '사업', '모델', '전환', '확장', '고려', '스타트', '업', '최종', '선정', '기업', '6월', '말', '12월', '전문', '프로그램', '지원', '참여', '스타트', '업', '이번', '프로그램', '사업', '모델', '고도', '경쟁력', '확보', '투자', '유치', '역량', '내', '재화', '실질', '매출', '증대', '시장 점유율', '확대', '정부', '민간', '투자', '연계', '스케일', '업', '성공', '등', '구체', '성과', '창출', '것', '기대', '바', '파트너', '광주', '창조경제', '혁신', '센터', '지역', '창업', '허브', '빛', '고을', '창업', '스테이션', '활성', '화해', '우수', '기업', '발굴', '지역', '경제', '발전', '기여', '순환', '구조', '방침', '이재준', '대표', '혁신', '아이디어', '날개', '성장', '속도', '이번', '프로그램', '잠재력', '스타트', '업', '관심', '참여', '광주', '창조경제', '혁신', '센터', '협력', '참여', '기업', '실질', '성과', '수', '자원', '노하우', '지원', '말', '한편', '스타트', '업', '지원', '프로그램', '참가', '신청', '6월 13일', '참가', '희망', '기업', '코드', '접수', '수', '서류', '발표', '평가', '6월 20일', '최종', '참여', '기업', '선발']",-1,"['경제-금융_재테크', '경제-부동산', '정치-청와대', '정치-행정_자치', '정치-국회_정당', '정치-선거', '지역-강원', '경제-경제일반', '국제-중국', '국제-미국_북미', '경제-유통', '사회-사건_사고', '경제-취업_창업', '사회-사회일반', '지역-경기', '지역-제주', '지역-대구', '사회-노동_복지', '지역-충남', '지역-광주', '지역-전북', 'IT_과학-콘텐츠', '국제-아시아', '지역-충북', '지역-대전', '정치-정치일반', '지역-울산', '경제-증권_증시', 'IT_과학-모바일', '지역-경남', '지역-부산', '사회-교육_시험', '지역-전남', '경제-자동차', '사회-여성', '경제-산업_기업', 'IT_과학-인터넷_SNS', 'IT_과학-과학', 'IT_과학-보안', '문화-출판', '사회-환경', '사회-미디어', '정치-북한', '경제-반도체', '경제-무역', '국제-러시아', '문화-학술_문화재', '국제-국제일반', '문화-생활', '국제-유럽_EU', '경제-서비스_쇼핑', '문화-미술_건축', '지역-지역일반', '경제-국제경제', '지역-경북', '국제-중남미', '문화-문화일반', '국제-중동_아프리카', '문화-전시_공연', '국제-일본', '사회-장애인', '문화-영화', '문화-요리_여행', '경제-외환', '사회-의료_건강', 'IT_과학-IT_과학일반', '경제-자원', '정치-외교', '스포츠-스포츠일반', '스포츠-축구-한국프로축구', '스포츠-축구', '스포츠-월드컵', '스포츠-올림픽_아시안게임', '스포츠-야구-일본프로야구']"
금융,"신한은행, '급여클럽+' 개편","ⓒ신한은행[디지털데일리 강기훈 기자] 신한은행은 지난 2일 소득이체 고객을 위해 신한 SOL뱅크에서 제공하는 디지털 멤버십 서비스 ‘급여클럽’ 플랫폼을 개편하고 ‘급여클럽+’로 새롭게 오픈했다고 4일 밝혔다.신한은행은 지난 2019년 금융권 최초 급여고객 전용 멤버십 ‘급여클럽’을 출시했다. 연금수급자, 개인사업자, 프리랜서 등 다양한 소득이체 고객에게 ▲매월 랜덤 포인트 지급 ‘월급봉투’ ▲미션 수행 고객 경품 응모권 제공 ‘황금봉투’ 등 다양한 혜택을 제공해왔다.우선 ‘급여클럽+’는 이번 개편을 통해 매월 50만원 이상 소득 이체 고객에게 기존 포인트 지급 월급봉투를 1장에서 100장까지 랜덤 지급한다. 적립된 봉투를 다양한 경품으로 교환하는 방식으로 리워드 구조를 변경했다.또한 소득 이체의 연속성과 금융상품 거래 고객을 우대하기 위해 ▲그레이 ▲브론즈 ▲실버 ▲골드 ▲플래티넘 등 ‘레벨제도’를 신설했다. 플래티넘 레벨의 고객은 네이버페이 포인트 10만원권(매월 5명) 또는 대한항공 100만원 기프티카드(매월 1명) 등 고객 선호 경품에 대한 응모 기회가 제공한다.특히 신한은행은 출석미션 및 100% 당첨 ‘클럽데이’(매월 15일) 운영 등 고객 참여형 콘텐츠를 통해 즐거움과 혜택에 대한 고객 체감도도 높였다.신한은행 관계자는 “이번 급여클럽+ 개편은 소득 형태가 다양화된 시대 흐름에 맞춰 누구나 가입하고 더 큰 혜택을 받을 수 있도록 준비했다”며 “앞으로도 소득이체 고객에게 금융 생활의 편의성과 즐거움을 더하는 새로운 고객경험을 제공하는데 정성을 다하겠다”고 밝혔다.한편, 신한은행은 이번 개편을 기념해 ‘급여꿀LOVE 이벤트’도 함께 진행할 예정이다. 오는 6월 16일부터 30일까지 진행되는 이번 이벤트는 ▲급여클럽+ 최초 가입 고객 선착순 3만명에게 메가MGC커피 ICE 아메리카노 ▲이벤트 기간 내 소득 입금 인정 시 추첨을 통해 달콤한 간식과 디저트 세트를 제공한다.",https://imgnews.pstatic.net/image/138/2025/06/04/0002197903_001_20250604151506692.png?type=w860,https://n.news.naver.com/mnews/article/138/0002197903,"['신한은행', '디지털', '데일리', '강', '기후', '기자', '신한은행', '일', '소득', '이체', '고객', '신한', '뱅크', '제공', '디지털', '멤버', '서비스', '급여', '클럽', '플랫폼', '개편', '급여', '클럽', '오픈', '일', '신한은행', '년', '금융', '최초', '급여', '고객', '전용', '멤버', '급여', '클럽', '출시', '연금', '수급', '자', '개인', '사업자', '프리랜서', '등', '소득', '이체', '고객', '매월', '랜덤', '포인트', '지급', '월급봉투', '미션', '수행', '고객', '경품', '응모권', '제공', '황금', '봉투', '등', '혜택', '제공', '급여', '클럽', '이번', '개편', '만원', '이상', '소득', '이체', '고객', '기존', '포인트', '지급', '월급봉투', '장', '장', '랜덤', '지급', '적립', '봉투', '경품', '교환', '방식', '리', '워드', '구조', '변경', '소득', '이체', '연속', '금융', '상품', '거래', '고객', '우대', '그레이', '브론즈', '실버', '골드', '플래티넘', '등', '레벨', '제도', '신설', '플래티넘', '레벨', '고객', '네이버', '페이', '포인트', '만원', '권', '매월', '명', '대한항공', '만원', '기', '프티', '카드', '매월', '명', '등', '고객', '선호', '경품', '응모', '기회', '제공', '신한은행', '출석', '미션', '당첨', '클럽', '데이', '매월', '일', '운영', '등', '고객', '참여', '콘텐츠', '즐거움', '혜택', '고객', '체감', '신한은행', '관계자', '이번', '급여', '클럽', '개편', '소득', '형태', '시대', '흐름', '가입', '혜택', '수', '준비', '앞으로', '소득', '이체', '고객', '금융', '생활', '편의', '즐거움', '고객', '경험', '제공', '정성', '한편', '신한은행', '이번', '개편', '기념', '급여', '꿀', 'LOVE', '이벤트', '진행', '예정', '6월 16일', '일', '진행', '이번', '이벤트', '급여', '클럽', '최초', '가입', '고객', '선착순', '명', '메가', '커피', '아메리카노', '이벤트', '기간', '소득', '입금', '인정', '시', '추첨', '간식', '디저트', '세트', '제공']",-1,"['경제-금융_재테크', '경제-부동산', '지역-강원', '경제-경제일반', '국제-중국', '국제-미국_북미', '경제-유통', '사회-사건_사고', '사회-사회일반', '지역-경기', '지역-제주', '지역-대구', '사회-노동_복지', '지역-충남', '지역-광주', '지역-전북', 'IT_과학-콘텐츠', '지역-충북', '지역-대전', '경제-증권_증시', 'IT_과학-모바일', '지역-경남', '지역-부산', '지역-전남', '경제-자동차', '사회-여성', '경제-산업_기업', 'IT_과학-인터넷_SNS', 'IT_과학-과학', 'IT_과학-보안', '문화-출판', '경제-무역', '국제-유럽_EU', '경제-서비스_쇼핑', '지역-지역일반', '경제-국제경제', '지역-경북', '스포츠-골프', '문화-문화일반', '문화-전시_공연', '사회-장애인', '문화-영화', '문화-음악', '문화-요리_여행', '경제-외환', 'IT_과학-IT_과학일반', '스포츠-스포츠일반', '스포츠-축구', '스포츠-올림픽_아시안게임']"
금융,"iM금융, 스타트업 육성프로그램 ‘피움랩 7기’ 출범","황병우 iM그룹 회장 ⓒiM금융[디지털데일리 강기훈 기자] iM금융그룹은 지난달 27일 핀테크 스타트업 육성프로그램인 ‘피움랩(FIUM Lab)’ 7기의 공식 출범식을 개최했다고 4일 밝혔다.피움랩은 iM금융의 디지털 경쟁력을 강화하고 핀테크 산업을 지원하기 위해 지난 2019년 6월 설립된 핀테크랩으로, 6기까지 총 62개 기업을 선발·육성했다.‘FIUM’은 핀테크(Fintech)의 ‘F’와 혁신 (Innovation)의 ‘I’를 합쳐 ‘핀테크 혁신을 꽃피운다(FIUM)’라는 의미를 담고 있다.7기 모집은 iM금융과 시너지를 창출할 수 있는 혁신 기술·서비스 분야와 그룹 계열사별 집중 모집 영역으로 이뤄졌다. iM금융과 협업을 희망하는 다수의 유망 스타트업이 지원하는 등 많은 관심 속에 총 14개 기업을 선발했다.iM금융과 협업을 추진하는 ‘오픈이노베이션 트랙’에는 커스터디를 비롯한 다양한 디지털자산 관련 서비스를 제공하는 ‘인피닛블록’, 마이데이터 기반의 개인재무관리 인공지능 에이전트 ‘웰스가이드’, 소상공인 매출관리 및 선정산 서비스를 제공하는 ‘얼리페이’와 ‘겜퍼’, ‘유니포트’, ‘그로잉랩’, ‘퀀텀에이아이’, ‘트랜스파머’, ‘미리내테크놀로지’ 등 총 9개 사가 선발됐다.초기 창업기업을 육성하는 ‘인큐베이터 트랙’에는 다국어 의료보험 서비스 INMEDIC ‘국제화연구소’, 수수료 0.3%의 계좌기반 PG서비스 ‘바이올렛페이’, ‘크로스허브’, ‘바로코퍼레이션’, ‘워크비자’ 등 총 5개 사가 선발됐다.공식 선발된 14개 스타트업은 출범식을 시작으로 iM금융과의 공동사업화 및 업무 협력을 추진하게 된다. 스타트업 규모와 현황에 맞는 맞춤형 성장 컨설팅 지원과 투자 연계, 지원사업 연계 등 체계적인 프로그램을 제공할 예정이다.황병우 iM그룹 회장은 “출범 7년 차를 맞고 있는 피움랩을 통해 발굴된 스타트업과 많은 협업이 이뤄지고 있다”라며 “피움랩 스타트업의 혁신이 iM금융그룹의 미래 성장 기반이 돼 동반 성장할 수 있는 생태계를 만들 수 있도록 아낌없이 지원하겠다”라고 밝혔다.",https://imgnews.pstatic.net/image/138/2025/06/04/0002197902_001_20250604151406663.jpg?type=w860,https://n.news.naver.com/mnews/article/138/0002197902,"['황병우', '그룹', '회장', '금융', '디지털', '데일리', '강', '기후', '기자', '금융', '그룹', '지난달', '일', '핀테크', '스타트', '업', '육성', '프로그램', '랩', '기', '공식', '출범식', '개최', '일', '랩', '금융', '디지털', '경쟁력', '강화', '핀테크', '산업', '지원', '년', '6월', '설립', '핀테크', '랩', '기', '개', '기업', '선발', '육성', '핀테크', '혁신', '핀테크', '혁신', '의미', '기', '모집', '금융', '시너지', '창출', '수', '혁신', '기술', '서비스', '분야', '그룹', '계열사', '집중', '모집', '영역', '금융', '협업', '희망', '다수', '유망', '스타트', '업', '지원', '등', '관심', '속', '개', '기업', '선발', '금융', '협업', '추진', '오픈', '이노베이션', '트랙', '스터디', '디지털', '자산', '관련', '서비스', '제공', '마이', '데이터', '기반', '개인', '재무관리', '인공지능', '에이전트', '웰스', '가이드', '소상', '공인', '매출', '관리', '정산', '서비스', '제공', '얼', '리페', '이', '유니', '포트', '랩', '퀀텀', '에', '이아이', '트랜스', '파', '미리내', '테크놀로지', '등', '개', '사가', '선발', '초기', '창업', '기업', '육성', '인큐베이터', '트랙', '다국어', '의료', '보험', '서비스', '국제', '연구소', '수수료', '계좌', '기반', '서비스', '바이올렛', '페이', '크로스', '허브', '바로', '코퍼레이션', '워크', '비자', '등', '개', '사가', '선발', '공식', '선발', '개', '스타트', '업', '출범식', '시작', '금융', '공동', '사업', '업무', '협력', '추진', '스타트', '업', '규모', '현황', '맞춤', '성장', '컨설팅', '지원', '투자', '연계', '지원', '사업', '연계', '등', '체계', '프로그램', '제공', '예정', '황병우', '그룹', '회장', '출범', '년', '차', '랩', '발굴', '스타트', '업', '협업', '있다', '랩', '스타트', '업', '혁신', '금융', '그룹', '미래', '성장', '기반', '동반', '성장', '수', '생태계', '수', '지원']",-1,"['경제-금융_재테크', '경제-부동산', '지역-강원', '경제-경제일반', '국제-중국', '국제-미국_북미', '경제-유통', '경제-취업_창업', '지역-경기', '지역-제주', '지역-대구', '사회-노동_복지', '지역-충남', '지역-광주', '지역-전북', 'IT_과학-콘텐츠', '지역-충북', '지역-대전', '정치-정치일반', '지역-울산', '경제-증권_증시', 'IT_과학-모바일', '지역-경남', '지역-부산', '사회-교육_시험', '지역-전남', '경제-자동차', '사회-여성', '경제-산업_기업', 'IT_과학-인터넷_SNS', 'IT_과학-과학', 'IT_과학-보안', '문화-출판', '사회-환경', '경제-반도체', '경제-무역', '국제-러시아', '문화-학술_문화재', '국제-국제일반', '문화-생활', '국제-유럽_EU', '경제-서비스_쇼핑', '문화-미술_건축', '지역-지역일반', '경제-국제경제', '지역-경북', '문화-문화일반', '문화-종교', '국제-일본', '사회-장애인', '문화-영화', '문화-요리_여행', '경제-외환', '사회-의료_건강', 'IT_과학-IT_과학일반', '경제-자원', '정치-외교', '스포츠-스포츠일반', '스포츠-올림픽_아시안게임', '스포츠-야구', '스포츠-야구-일본프로야구']"
증권,"에이비엘바이오, 'ABL103' 삼중 병용요법 국내 임상 승인","ABL103 단독요법 임상 1상도 진행



[서울경제] 에이비엘바이오(298380)는 이중항체 항암 신약 ‘ABL103’과 미국머크(MSD)의 면역항암제 ‘키트루다’, 그리고 ‘탁센’ 삼중 병용요법에 대한 임상 1b/2상 임상시험계획(IND)을 식품의약품안전처로부터 승인받았다고 4일 밝혔다.ABL103은 종양에서 나타나는 ‘B7-H4’ 항원과 면역세포를 활성화하는 ‘4-1BB’ 항원을 동시에 표적으로 하는 이중항체 신약 후보물질이다. 에이비엘바이오의 4-1BB 기반 이중항체 플랫폼 ‘그랩바디-T’가 적용됐다. 그랩바디-T는 종양 미세환경에서만 면역 T세포를 활성화해 기존 4-1BB 단일항체의 간 독성 부작용을 줄이고 항종양 활성을 강화하도록 설계된 것이 특징이다.이번 임상 1b/2상은 삼중 병용요법의 최적 용량을 확인하기 위한 안전성 관련 2개 파트와 용량 확장 1개 파트로 구성됐다. 에이비엘바이오는 이를 바탕으로 ABL103 삼중 병용요법의 안전성 및 유효성을 평가하게 된다. 현재 미국과 한국에서는 ABL103 단독요법 임상 1상도 진행 중이다.이상훈 에이비엘바이오 대표는 “ABL103과 키트루다, 탁센 병용요법이 난치성 고형암 환자의 새로운 치료 가능성을 열어 주기를 기대한다”며 “ABL103을 포함한 4-1BB 기반 이중항체들의 임상이 순조롭게 진행되고 있는 만큼 좋은 소식을 전할 수 있도록 연구개발(R&D)에 최선을 다하겠다”고 말했다.",https://imgnews.pstatic.net/image/011/2025/06/04/0004493386_001_20250604152009673.png?type=w860,https://n.news.naver.com/mnews/article/011/0004493386,"['103', '단독', '요법', '임상', '상도', '진행', '서울경제', '에', '이비', '엘바', '이오', '이중', '항체', '항암', '신약', '미국', '면역', '항암제', '키트', '루', '다', '탁', '센', '삼중', '병용', '요법', '임상', '임상시험', '계획', '식품', '의약품', '안전', '처', '승인', '일', '103', '종양', 'B7', '항원', '면역', '세포', '활성', '-1', 'BB', '항원', '동시', '표적', '이중', '항체', '신약', '후보', '물질', '이다', '에', '이비', '엘바', '이오', '-1', 'BB', '기반', '이중', '항체', '플랫폼', '랩', '바', '디', '적용', '랩', '바', '디', '종양', '미세', '환경', '면역', 'T세포', '활성', '화해', '기존', '-1', 'BB', '단일', '항체', '간', '독성', '부작용', '항', '종양', '활성', '강화', '설계', '것', '특징', '이번', '임상', '삼중', '병용', '요법', '최적', '용량', '확인', '안전', '관련', '개', '파트와', '용량', '확장', '개', '파트', '구성', '에', '이비', '엘바', '이오', '바탕', '103', '삼중', '병용', '요법', '안전', '유효', '평가', '미국', '한국', '103', '단독', '요법', '임상', '상도', '진행', '중', '이상훈', '에', '이비', '엘바', '이오', '대표', '103', '키트', '탁', '센', '병용', '요법', '치성', '고형', '암', '환자', '치료', '기대', '을', '포함', '-1', 'BB', '기반', '이중', '항체', '임상', '진행', '만큼', '소식', '수', '연구개발', '최선', '말']",-1,"['경제-금융_재테크', '정치-청와대', '정치-국회_정당', '정치-선거', '지역-강원', '경제-경제일반', '국제-중국', '국제-미국_북미', '사회-사건_사고', '경제-취업_창업', '사회-사회일반', '지역-경기', '지역-제주', '지역-대구', '지역-충남', '지역-전북', 'IT_과학-콘텐츠', '국제-아시아', '지역-충북', '지역-대전', '정치-정치일반', '경제-증권_증시', 'IT_과학-모바일', '지역-경남', '지역-부산', '지역-전남', '경제-자동차', '경제-산업_기업', 'IT_과학-인터넷_SNS', 'IT_과학-과학', 'IT_과학-보안', '문화-출판', '사회-환경', '정치-북한', '경제-반도체', '경제-무역', '국제-국제일반', '국제-유럽_EU', '문화-미술_건축', '경제-국제경제', '스포츠-골프', '국제-중남미', '문화-문화일반', '국제-중동_아프리카', '문화-종교', '문화-전시_공연', '국제-일본', '문화-영화', '문화-음악', '문화-요리_여행', '경제-외환', '사회-의료_건강', 'IT_과학-IT_과학일반', '경제-자원', '정치-외교', '스포츠-농구_배구', '스포츠-축구', '스포츠-올림픽_아시안게임', '스포츠-야구-일본프로야구']"
증권,`자본시장 도약` 외친 금투업계…대통령 직속 기구·R&D 세제 지원 제안,"[연합뉴스]    이재명 정부가 새롭게 출범한 가운데 금융투자업계에서 직속 정책 기구, 투자 확대책 등 국내 자본시장이 발전할 수 있는 정책적 노력이 필요하다고 제언했다. 서유석 금융투자협회 회장은 4일 입장문에서 ""우리 자본시장은 혁신산업 육성, 일자리 창출, 국민의 재산 증식 및 경제적 양극화 해소 등을 실현할 수 있는 국가 경제의 핵심 플랫폼(기반 공간)""이라며 국내 자본시장이 부진을 딛고 도약할 수 있도록 정책적 노력을 다해주길 당부했다. 이어 ""부동산에 편중됐던 자금이 자본시장으로 유입돼 발전적 방향으로 쓰이려면 정책적 지원이 절실하다""며 ""정책적 불확실성은 자본시장에 '보이지 않는 세금'으로 작동하는 만큼 정책의 일관성을 꼭 지켜야 한다""고 말했다. 그는 범부처 협조로 자본시장 강화 정책을 일사분란하게 추진하려면 컨트롤타워(사령탑)가 필요하다며 대통령 직속 정책 총괄 기구의 신설을 제언했다. 정은보 한국거래소 이사장도 ""새 정부에서 우리 자본시장이 활성화돼 기업의 성장을 지원하고 국민의 자산 증식에 기여할 수 있을 것으로 모두가 기대하고 있다""고 말했다.정구용 한국상장회사협의회 회장은 입장문을 통해 ""현재 한국 경제는 국내외 실물 경제의 불확실성, 금융시장의 변동성 확대로 불황형 경기가 지속될 수 있는 큰 위기에 처해 있다""며 ""새 정부의 다양한 정책에 경제계의 기대가 크다""고 밝혔다. 이어 새 정부는 유수의 세계 기업들과 경쟁할 수 있는 환경 조성과 역차별 당하지 않는 경영 규제 개혁에 힘써주기 바란다""며 ""우리 기업들도 새 정부의 성공과 경제 위기 극복을 위한 투자와 고용 창출에 매진해 우리 경제 발전을 위해 각고의 노력을 다할 것""이라고 전했다. 이동훈 코스닥협회 회장은 ""밸류업(기업가치 제고)은 현재 진행 중이지만 더 근본적 처방이 필요하다""며 국민연금의 국내 투자 비중을 법제화해 안정적 자금 수급 환경을 만들어야 한다고 강조했다.이 회장은 바이오, 이차전지, 반도체 등 첨단산업 분야의 코스닥 상장사가 세계적 경쟁력을 가지려면 연구개발(R&D)이 필수라며, R&D 지원을 확대하는 정책의 필요성을 부각했다.그는 ""상속세 관련 문제로 경영권을 유지하기 어렵고 세원 마련 때문에 기업의 성장이 멈추는 경우가 많다""며 ""최소한 상장사는 상속세가 아닌 자본이득세 방식으로 전환해 기업의 지속성을 지키는 것이 국익에 큰 도움이 될 것""이라고 짚었다.한국기업거버넌스포럼의 이남우 회장은 소수 지배주주가 주주권익을 침해하는 문제가 우리 자본시장 발전을 저해하고 있다면서 이 대통령이 주요 공약인 상법 개정부터 실천해 후진적 거버넌스(기업 의사결정구조)를 혁파할 것을 촉구했다.상법 개정은 이사의 충실 의무 대상을 회사에서 주주로 확대해, 주주가치 훼손을 금지하는 원칙을 명문화하는 것이 골자다.이 회장은 ""인공지능(AI) 등 치열한 기술 경쟁에서 필요한 자본은 이젠 국가 정책 자금이 아닌 민간 조달로 마련해야 한다""며 ""한국 기업이 넘치는 자본을 토대로 세계로 뻗어나갈 수 있도록 신나는 판을 깔아주기를 기대한다""고 덧붙였다.김지영기자 jy1008@dt.co.kr",https://imgnews.pstatic.net/image/029/2025/06/04/0002959322_001_20250604152108679.jpg?type=w860,https://n.news.naver.com/mnews/article/029/0002959322,"['연합뉴스', '이재명', '정부', '출범', '가운데', '금융', '투자', '업계', '직속', '정책', '기구', '투자', '확대책', '등', '국내', '자본', '시장', '발전', '수', '정책', '노력', '필요', '제언', '서유석', '금융', '투자', '협회', '회장', '일', '입장', '문', '자본', '시장', '혁신', '산업', '육성', '일자리', '창출', '국민', '재산', '증식', '경제', '양극', '해소', '등', '실현', '수', '국가', '경제', '핵심', '플랫폼', '기반', '공간', '국내', '자본', '시장', '부진', '도약', '수', '정책', '노력', '당부', '부동산', '편중', '자금', '자본', '시장', '유입', '발전', '방향', '정책', '지원', '정책', '불확실성', '자본', '시장', '세금', '작동', '만큼', '정책', '말', '부처', '협조', '자본', '시장', '강화', '정책', '일', '사', '분란', '추진', '컨트롤', '타워', '사령탑', '필요', '대통령', '직속', '정책', '총괄', '기구', '신설', '제언', '정은', '보', '한국거래소', '이사장', '정부', '자본', '시장', '활성', '기업', '성장', '지원', '국민', '자산', '증식', '기여', '수', '것', '모두', '기대', '있다', '말', '정구', '한국', '상장', '회사', '협의회', '회장', '입장', '문', '한국', '경제', '국내외', '실물 경제', '불확실성', '금융', '시장', '변동', '확대', '불황', '경기', '지속', '수', '위기', '있다', '정부', '정책', '경제', '기대', '정부', '유수', '세계', '기업', '경쟁', '수', '환경', '조성', '역차별', '경영', '규제 개혁', '기업', '정부', '성공', '경제', '위기', '극복', '투자', '고용', '창출', '매진', '경제', '발전', '각고', '노력', '것', '이동훈', '코스닥', '협회', '회장', '류', '업', '기업가', '제고', '진행', '중', '근본', '처방', '필요', '국민연금', '국내', '투자', '비중', '법제', '화해', '안정', '자금', '수급', '환경', '강조', '회장', '바이오', '이차', '전지', '반도체', '등', '첨단', '산업', '분야', '코스닥', '상장', '사가', '세계', '경쟁력', '연구개발', '필수', '지원', '확대', '정책', '필요', '부각', '상속세', '관련', '문제', '경영', '유지', '세원', '마련', '때문', '기업', '성장', '경우', '최소한', '상', '장사', '상속세', '자본', '이득', '세', '방식', '전환', '기업', '지속성', '것', '국익', '도움', '것', '한국', '기업', '거버넌스', '포럼', '남우', '회장', '소수', '지배', '주주', '주주', '권익', '침해', '문제', '자본', '시장', '발전', '저해', '대통령', '공약', '상법', '개정', '실천', '후진', '거버넌스', '기업', '의사', '결정', '구조', '혁파', '것', '촉구', '상법', '개정', '이사', '충실', '의무', '대상', '회사', '주주', '확대', '주주', '가치', '훼손', '금지', '원칙', '명문', '것', '골자', '회장', '인공지능', '등', '기술', '경쟁', '필요', '자본', '이제', '국가', '정책', '자금', '민간', '조달', '마련', '한국', '기업', '자본', '토대', '세계로', '수', '판', '기대', '김지영', '기자']",-1,"['경제-금융_재테크', '경제-부동산', '정치-청와대', '정치-행정_자치', '정치-국회_정당', '정치-선거', '지역-강원', '경제-경제일반', '국제-중국', '국제-미국_북미', '경제-유통', '사회-사건_사고', '경제-취업_창업', '사회-사회일반', '지역-경기', '지역-제주', '지역-대구', '사회-노동_복지', '지역-충남', '지역-광주', '지역-전북', 'IT_과학-콘텐츠', '국제-아시아', '지역-충북', '지역-대전', '정치-정치일반', '문화-방송_연예', '지역-울산', '경제-증권_증시', 'IT_과학-모바일', '지역-경남', '지역-부산', '사회-교육_시험', '지역-전남', '경제-자동차', '사회-여성', '경제-산업_기업', 'IT_과학-인터넷_SNS', 'IT_과학-과학', 'IT_과학-보안', '문화-출판', '사회-환경', '사회-미디어', '정치-북한', '경제-반도체', '경제-무역', '국제-러시아', '문화-학술_문화재', '국제-국제일반', '문화-생활', '국제-유럽_EU', '경제-서비스_쇼핑', '문화-미술_건축', '지역-지역일반', '경제-국제경제', '지역-경북', '스포츠-골프', '국제-중남미', '문화-문화일반', '국제-중동_아프리카', '문화-종교', '문화-전시_공연', '국제-일본', '사회-장애인', '문화-영화', '문화-음악', '문화-요리_여행', '경제-외환', '사회-의료_건강', 'IT_과학-IT_과학일반', '경제-자원', '정치-외교', '스포츠-스포츠일반', '스포츠-농구_배구', '스포츠-축구-한국프로축구', '스포츠-축구', '스포츠-월드컵', '스포츠-올림픽_아시안게임', '스포츠-야구-일본프로야구', '스포츠-야구-메이저리그']"
증권,"HDC현대산업개발 ""용산의 코엑스·IFC 만들겠다""","HDC현대산업개발이 용산정비창 전면1구역에 파크하얏트 호텔을 유치한다. /사진=HDC현대산업개발 HDC현대산업개발이 서울 용산정비창 전면 제1구역 재개발사업을 수주시 '파크하얏트'(Park Hyatt) 호텔을 유치하겠다고 4일 밝혔다.HDC현대산업개발은 용산정비창 전면 제1구역에 '글로벌 비즈니스 도시'의 국제 업무·상업·숙박이 연결된 프리미엄 복합 시설을 조성하겠다고 설명했다.파크 하얏트 호텔 유치를 통한 수혜는 고급 비즈니스 수요의 유입이다. 국제회의와 포럼은 물론, 글로벌 기업의 VIP 접견, 하이엔드 고객 숙박, 문화예술 이벤트 등 다양한 수요가 용산으로 유입될 수 있다.보안·교통·통신 등 고급 인프라를 갖춘 업무 환경 조성이 가능해지며 글로벌 금융사, 로펌, 외국계 기업의 선호도가 상승할 전망이다.



 사진은 파크하얏트 호텔 유치 관련 예상 모습.  /사진=HDC현대산업개발 상업시설 부문에서 6성급 호텔 입지 프리미엄이 유인 요소로 작용한다. 명품 리테일, 파인다이닝, 글로벌 뷰티와 라이프스타일 브랜드 등 소비 콘텐츠 유치를 가속할 수 있다.호텔 방문객과 업무·주거 수요가 동시에 유입되는 고정 수요를 확보함으로써 상업시설의 안정성과 가치도 크게 높아진다. 이 같은 복합개발 전략은 성공 사례가 많다.강남 삼성동의 코엑스 인터컨티넨탈·파르나스호텔은 호텔과 오피스, 리테일, 전시장과의 시너지를 통해 지역 비즈니스·관광 기능을 강화했다. 여의도 IFC몰의 콘래드호텔도 글로벌 금융기업 유치와 고급 상업시설 활성화에 기여했다는 평가다.HDC현대산업개발 관계자는 ""파크하얏트 호텔 유치를 중심축으로 '호텔+오피스+상업시설'이 만들어 내는 삼각 시너지를 용산정비창에서 구현할 계획""이라고 말했다.","https://imgnews.pstatic.net/image/417/2025/06/04/0001081176_001_20250604151907903.jpg?type=w860,https://imgnews.pstatic.net/image/417/2025/06/04/0001081176_002_20250604151908036.jpg?type=w860",https://n.news.naver.com/mnews/article/417/0001081176,"['현대산업개발', '용산정', '비창', '전면', '구역', '파크', '하얏트', '호텔', '사진', '현대산업개발', '현대산업개발', '서울', '용산정', '비창', '전면', '구역', '개발', '사업', '수', '주시', '파크', '하얏트', '호텔', '유치', '일', '현대산업개발', '용산정', '비창', '전면', '구역', '글로벌', '비즈니스', '도시', '국제', '업무', '상업', '숙박', '연결', '프리미엄', '복합', '시설', '조성', '설명', '파크', '하얏트', '호텔', '유치', '수혜', '고급', '비즈니스', '수요', '유입', '국제회의', '포럼', '글로벌', '기업', '접견', '하이', '엔드', '고객', '숙박', '문화예술', '이벤트', '등', '수요', '용산', '유입', '수', '보안', '교통', '통신', '등', '고급', '인프라', '업무', '환경', '조성', '글로벌', '금융사', '로펌', '외국', '기업', '선호도', '상승', '전망', '사진', '파크', '하얏트', '호텔', '유치', '관련', '예상', '모습', '사진', '현대산업개발', '상업시설', '부문', '성급', '호텔', '프리미엄', '유인', '요소', '작용', '명품', '리테일', '다', '이닝', '글로벌', '뷰티', '라이프', '스타일', '브랜드', '등', '소비', '콘텐츠', '유치', '가속', '수', '호텔', '방문객', '업무', '주거', '수요', '동시', '유입', '고정', '수요', '확보', '상업시설', '안정', '가치', '복합', '개발', '전략', '성공', '사례', '강남', '삼성동', '코엑스', '인', '터', '컨티넨탈', '파', '르', '나스', '호텔', '호텔', '오피스', '리테일', '전시', '장과', '시너지', '지역', '비즈니스', '관광', '기능', '강화', '여의도', '몰', '콘래드', '호텔', '글로벌', '금융', '기업', '유치', '고급', '상업시설', '활성', '기여', '평가', '현대산업개발', '관계자', '파크', '하얏트', '호텔', '유치', '중심축', '호텔', '오피스', '상업시설', '삼각', '시너지', '용산정', '비창', '구현', '계획', '말']",-1,"['경제-금융_재테크', '경제-부동산', '정치-청와대', '정치-행정_자치', '정치-국회_정당', '정치-선거', '지역-강원', '경제-경제일반', '국제-중국', '경제-유통', '사회-사건_사고', '경제-취업_창업', '사회-사회일반', '지역-경기', '지역-제주', '지역-대구', '사회-노동_복지', '지역-충남', '지역-광주', '지역-전북', 'IT_과학-콘텐츠', '지역-충북', '지역-대전', '정치-정치일반', '문화-방송_연예', '지역-울산', '경제-증권_증시', 'IT_과학-모바일', '지역-경남', '지역-부산', '사회-교육_시험', '지역-전남', '경제-자동차', '사회-여성', '경제-산업_기업', 'IT_과학-인터넷_SNS', 'IT_과학-과학', 'IT_과학-보안', '문화-출판', '사회-환경', '사회-미디어', '경제-반도체', '경제-무역', '국제-러시아', '문화-학술_문화재', '국제-국제일반', '문화-생활', '경제-서비스_쇼핑', '문화-미술_건축', '지역-지역일반', '경제-국제경제', '지역-경북', '스포츠-골프', '국제-중남미', '문화-문화일반', '국제-중동_아프리카', '문화-종교', '문화-전시_공연', '국제-일본', '사회-장애인', '문화-음악', '문화-요리_여행', '경제-외환', '사회-의료_건강', 'IT_과학-IT_과학일반', '경제-자원', '스포츠-스포츠일반', '스포츠-농구_배구', '스포츠-축구-한국프로축구', '스포츠-축구', '스포츠-올림픽_아시안게임', '스포츠-야구']"
증권,"바로운파트너스, 광주창조경제혁신센터와 유망 스타트업 발굴","[서울=뉴시스] 배요한 기자 = 초기 스타트업 전문 액셀러레이터 바로운파트너스가 광주창조경제혁신센터와 함께 '스타트업 액셀러레이팅 지원 프로그램'을 론칭하고, 성장 잠재력이 높은 유망 스타트업 모집에 나섰다고 4일 밝혔다.이번 프로그램은 광주창조경제혁신센터가 지역 창업 생태계 활성화를 위해 조성한 '빛고을창업스테이션(STA·G·스테이지)'의 핵심 사업 중 하나다. 혁신적인 아이디어와 기술을 보유한 스타트업이 광주에 성공적으로 정착하고, 성장의 무대를 마련할 수 있도록 지원하는 것이 목적이다. 운영사인 바로운파트너스는 참가 기업에 맞춤형 성장 전략 수립과 투자 유치 기회를 제공할 예정이다.프로그램의 핵심은 유망한 초기 및 도약기 스타트업을 선발해 기업 진단부터 사업 모델 고도화, 시장 검증, 투자 유치까지 전 주기에 걸친 성장을 지원하는 것이다. 구체적으로는 ▲유망 스타트업 발굴 및 성장 로드맵 제공 ▲기업가치 제고를 통한 후속 투자 유치 기반 마련 ▲참여 기업의 평균 매출 10% 이상 향상 등을 목표로 삼고 있다.모집 대상은 업력 7년 이내의 초기 및 성장 단계 스타트업, 시드(Seed) 또는 프리 A(Pre-A) 단계 투자 유치를 준비 중인 기업, 그리고 사업 모델 전환(Pivoting)이나 확장을 계획 중인 스타트업이다. 최종 선발된 기업은 이달 말부터 12월까지 바로운파트너스의 전문 액셀러레이팅 프로그램에 참여하게 된다.참여 스타트업은 이번 프로그램을 통해 ▲사업 모델 고도화를 통한 경쟁력 확보 ▲IR 역량 내재화를 통한 투자 유치 ▲매출 증가 및 시장 점유율 확대 ▲정부 및 민간 투자 연계 등 실질적인 성과 창출이 기대된다.바로운파트너스와 광주창조경제혁신센터는 본 프로그램을 통해 지역 창업 허브인 '빛고을창업스테이션'을 활성화하고, 유망 기업을 발굴·육성함으로써 지역 경제 성장에 기여하는 선순환 구조를 만들어 나갈 방침이다.바로운파트너스는 유망 초기 스타트업의 성장을 지원하는 전문 액셀러레이터로, 각 분야 전문가들과 함께 실전형 멘토링 및 컨설팅을 제공하며 스타트업의 시장 안착을 돕고 있다.이재준 바로운파트너스 대표는 ""혁신적인 아이디어에 날개를 달고, 성장을 가속화할 이번 프로그램에 많은 유망 스타트업들의 참여를 기대한다""며 ""광주창조경제혁신센터와 긴밀히 협력해 참여 기업들이 실질적인 성과를 거둘 수 있도록 모든 자원과 노하우를 아낌없이 지원하겠다""고 밝혔다.'스타트업 액셀러레이팅 지원 프로그램' 참가 신청은 이달 2일부터 13일까지 가능하며, QR코드를 통해 접수할 수 있다. 서류 및 발표 평가를 거쳐 오는 20일 최종 참여 기업이 선정될 예정이다.",https://imgnews.pstatic.net/image/003/2025/06/04/NISI20250604_0001859571_web_20250604145923_20250604151819331.jpg?type=w860,https://n.news.naver.com/mnews/article/003/0013286299,"['서울', '뉴시스', '배', '요한', '기자', '초기', '스타트', '업', '전문', '액셀러레이터', '광주', '창조경제', '혁신', '센터', '스타트', '업', '지원', '프로그램', '론', '성장', '잠재력', '유망', '스타트', '업', '모집', '일', '이번', '프로그램', '광주', '창조경제', '혁신', '센터', '지역', '창업', '생태계', '활성', '조성', '빛', '고을', '창업', '스테이션', '스테이지', '핵심', '사업', '중', '혁신', '아이디어', '기술', '보유', '스타트', '업', '광주', '성공', '정착', '성장', '무대', '마련', '수', '지원', '것', '목적', '운영', '사인', '바', '파트너', '참가', '기업', '맞춤', '성장', '전략', '수립', '투자', '유치', '기회', '제공', '예정', '프로그램', '핵심', '유망', '초기', '도약', '스타트', '업', '선발', '기업', '진단', '사업', '모델', '고도', '시장', '검증', '투자', '유치', '성장', '지원', '것', '구체', '유망', '스타트', '업', '발굴', '성장', '로드맵', '제공', '기업가', '제고', '후속', '투자', '유치', '기반', '마련', '참여', '기업', '평균', '매출', '이상', '향상', '등', '목표', '모집', '대상', '업', '력', '년', '이내', '초기', '성장', '단계', '스타트', '업', '시드', '프리', '단계', '투자', '유치', '준비', '중', '기업', '사업', '모델', '전환', '확장', '계획', '중', '스타트', '업', '최종', '선발', '기업', '이달', '말', '12월', '전문', '프로그램', '참여', '참여', '스타트', '업', '이번', '프로그램', '사업', '모델', '고도', '경쟁력', '확보', '역량', '내재', '투자', '유치', '매출', '증가', '시장 점유율', '확대', '정부', '민간', '투자', '연계', '등', '실질', '성과', '창출', '기대', '광주', '창조경제', '혁신', '센터', '프로그램', '지역', '창업', '허브', '빛', '고을', '창업', '스테이션', '활성', '유망', '기업', '발굴', '육성', '지역', '경제', '성장', '기여', '순환', '구조', '방침', '바', '파트너', '유망', '초기', '스타트', '업', '성장', '지원', '전문', '액셀러레이터', '분야', '전문가', '실전', '멘토링', '컨설팅', '제공', '스타트', '업', '시장', '안착', '이재준', '대표', '혁신', '아이디어', '날개', '성장', '가속', '이번', '프로그램', '유망', '스타트', '업', '참여', '기대', '광주', '창조경제', '혁신', '센터', '협력', '참여', '기업', '실질', '성과', '수', '자원', '노하우', '지원', '스타트', '업', '지원', '프로그램', '참가', '신청', '이달', '일', '일', '코드', '접수', '수', '서류', '발표', '평가', '일', '최종', '참여', '기업', '선정', '예정']",-1,"['경제-금융_재테크', '경제-부동산', '정치-청와대', '정치-행정_자치', '정치-국회_정당', '정치-선거', '지역-강원', '경제-경제일반', '국제-중국', '국제-미국_북미', '경제-유통', '사회-사건_사고', '경제-취업_창업', '사회-사회일반', '지역-경기', '지역-제주', '지역-대구', '사회-노동_복지', '지역-충남', '지역-광주', '지역-전북', 'IT_과학-콘텐츠', '국제-아시아', '지역-충북', '지역-대전', '정치-정치일반', '지역-울산', '경제-증권_증시', 'IT_과학-모바일', '지역-경남', '지역-부산', '사회-교육_시험', '지역-전남', '경제-자동차', '사회-여성', '경제-산업_기업', 'IT_과학-인터넷_SNS', 'IT_과학-과학', 'IT_과학-보안', '문화-출판', '사회-환경', '사회-미디어', '정치-북한', '경제-반도체', '경제-무역', '국제-러시아', '문화-학술_문화재', '국제-국제일반', '문화-생활', '국제-유럽_EU', '경제-서비스_쇼핑', '문화-미술_건축', '지역-지역일반', '경제-국제경제', '지역-경북', '스포츠-골프', '국제-중남미', '문화-문화일반', '국제-중동_아프리카', '문화-종교', '문화-전시_공연', '국제-일본', '사회-장애인', '문화-영화', '문화-음악', '문화-요리_여행', '경제-외환', '사회-의료_건강', 'IT_과학-IT_과학일반', '경제-자원', '정치-외교', '스포츠-스포츠일반', '스포츠-농구_배구', '스포츠-축구-한국프로축구', '스포츠-축구', '스포츠-월드컵', '스포츠-올림픽_아시안게임', '스포츠-야구-일본프로야구']"
증권,"[특징주] 코스닥 10위 펩트론, 기술 불확실성 대두에 하한가","일라이 릴리 타사 계약에 기술이전 불확실성 반영펩트론 ""일라이 릴리와 기술평가 현재도 공고히 진행 중""



4일 펩트론은 개장 직후 하한가로 직행해 거래되고 있다. /더팩트 DB코스닥 시가총액 10위 제약사 펩트론이 하한가에 거래되고 있다.4일 한국거래소에 따르면 펩트론은 이날 개장 후 전 거래일 대비 30.00% 내린 16만1000원에 시작해 장중 가격 변동이 발생하지 않고 있다.펩트론의 하한가는 앞서 펩트론과 기술 평가 계약을 체결한 미국 제약사 일라이 릴리가 펩트론이 아닌 다른 미국 업체와 계약을 맺으면서 기술이전에 대한 불확실성이 대두된 영향으로 풀이된다. 이후 펩트론이 일라이 릴리와 카무루스의 계약이 자사와 무관하다고 해명했으나, 시장은 펩트론에 대한 기대보다 실망을 반영한 모양새다.펩트론 관계자는 ""일라이 릴리와 장기 지속형 비만 치료제 개발을 위한 기술성 평가는 현재도 공고히 진행 중""이라며 ""릴리가 계약한 타사 기술은 당사의 스마트 디폿 플랫폼의 분무건조 방식과는 전혀 다른 방식""이라고 설명했다.펩트론은 지난해 10월 일라이 릴리와 1개월 이상 지속 가능한 약물 전달 플랫폼에 대해 기술 평가 계약을 맺고 자사의 스마트 디폿 플랫폼을 일라이 릴리의 펩타이드 계열 약물에 적용한다로 발표하면서 코스닥 시가총액 상위권 종목으로 떠올랐다.펩트론의 역대 최고가는 일라이 릴리와 협업 기대감이 반영된 지난달 26일 장중 기록한 23만9000원이다. 펩트론이 올해 첫 거래일인 1월 2일 9만9900원에 거래된 것을 고려하면 무려 139.23% 오른 수치다.한편 일라이 릴리는 3일(현지시간) 미국 제약사 카무루스와 약물 전달 플랫폼 공동 개발 계약을 체결했다고 밝혔다. 계약 규모는 최대 8억7000만달러(한화 1조1940억원) 수준이다.발로 뛰는 더팩트는 24시간 여러분의 제보를 기다립니다.▶카카오톡: '더팩트제보' 검색▶이메일: jebo@tf.co.kr▶뉴스 홈페이지: http://talk.tf.co.kr/bbs/report/write",,https://n.news.naver.com/mnews/article/629/0000395827,"['일라이', '릴리', '타사', '계약', '기술이전', '불확실성', '반영', '펩트론', '일라이', '릴리', '기술', '평가', '현재', '진행', '중', '일', '펩트론', '개장', '직후', '하한', '가로', '직행', '거래', '더', '팩트', '코스닥', '시가총액', '위', '약사', '펩트론', '하한', '거래', '일', '한국거래소', '펩트론', '이날', '개장', '후', '거래', '대비', '원', '시작', '가격', '변동', '발생', '펩트론', '하', '펩트론', '기술', '평가', '계약', '체결', '미국', '약사', '일라이', '릴리', '펩트론', '미국', '업체', '계약', '기술이전', '불확실성', '대두', '영향', '풀이', '이후', '펩트론', '일라이', '릴리', '카', '루스', '계약', '자사', '해명', '시장', '펩트론', '기대', '실망', '반영', '모양새', '펩트론', '관계자', '일라이', '릴리', '장기', '지속', '비만', '치료제', '개발', '기술', '평가', '현재', '진행', '중', '릴리', '계약', '타사', '기술', '당사', '스마트', '플랫폼', '분', '무', '건조', '방식', '방식', '설명', '펩트론', '지난해', '10월', '일라이', '릴리', '개월', '이상', '지속', '약물', '전달', '플랫폼', '기술', '평가', '계약', '자사', '스마트', '플랫폼', '일라이', '릴리', '펩타이드', '계열', '약물', '적용', '다로', '발표', '코스닥', '시가총액', '상위', '종목', '펩트론', '역대', '최고', '일라이', '릴리', '협업', '기대감', '반영', '지난달', '일', '기록', '원', '펩트론', '올해', '거래', '일', '1월 2일', '원', '거래', '것', '고려', '수치', '한편', '일라이', '릴리', '일', '현지', '시간', '미국', '약사', '카', '루스', '약물', '전달', '플랫폼', '공동', '개발', '계약', '체결', '계약', '규모', '최대', '달러', '한화', '원', '수준', '발', '팩트', '시간', '제보', '카카오톡', '팩트', '제보', '검색', '이', '메일', '뉴스', '홈페이지']",-1,"['경제-금융_재테크', '경제-부동산', '정치-청와대', '정치-행정_자치', '정치-국회_정당', '정치-선거', '지역-강원', '경제-경제일반', '국제-중국', '국제-미국_북미', '경제-유통', '사회-사건_사고', '경제-취업_창업', '사회-사회일반', '지역-경기', '지역-제주', '지역-대구', '사회-노동_복지', '지역-충남', '지역-광주', '지역-전북', 'IT_과학-콘텐츠', '국제-아시아', '지역-충북', '지역-대전', '정치-정치일반', '지역-울산', '경제-증권_증시', 'IT_과학-모바일', '지역-경남', '지역-부산', '지역-전남', '경제-자동차', '경제-산업_기업', 'IT_과학-인터넷_SNS', 'IT_과학-과학', 'IT_과학-보안', '문화-출판', '사회-환경', '정치-북한', '경제-반도체', '경제-무역', '국제-러시아', '국제-국제일반', '문화-생활', '국제-유럽_EU', '경제-서비스_쇼핑', '문화-미술_건축', '지역-지역일반', '경제-국제경제', '지역-경북', '스포츠-골프', '국제-중남미', '문화-문화일반', '국제-중동_아프리카', '문화-전시_공연', '국제-일본', '문화-영화', '문화-음악', '문화-요리_여행', '경제-외환', '사회-의료_건강', 'IT_과학-IT_과학일반', '경제-자원', '정치-외교', '스포츠-농구_배구', '스포츠-축구', '스포츠-야구-일본프로야구']"
산업/재계,"현대차, 美진출 39년만에 1700만대 판매 돌파…최고 인기차종은?","엘란트라 392만대 팔려…쏘나타·투싼 등도 인기현대차·기아, 관세에도 5월 美판매 6.7%↑



사진=현대차 제공현대자동차가 1986년 미국 진출 39년 만에 누적 판매 대수 1700만대를 돌파했다. 아반떼(현지명 엘란트라·사진), 쏘나타, 투싼 등 인기 모델이 미국 소비자들에게 꾸준히 사랑받은 덕분이다. 미국의 수입차 관세 영향에도 현대차가 꾸준히 성장을 이어갈지 주목된다. 현대차 미국법인은 5월 기준 누적 판매 대수가 1703만3027대(제네시스 제외)로 1700만대를 돌파했다고 3일(현지시간) 밝혔다. 베스트셀링카는 누적 392만대가 팔린 아반떼다. 아반떼는 최근 미국 시사주간지 US뉴스앤드월드리포트가 주관한 '10대가 뽑은 최고의 차량'에서 2만5000달러~3만달러 가격대의 자동차 중 최고의 자동차로 선정되기도 했다. 이를 포함해 쏘나타, 투싼, 싼타페, 엑센트, 엑셀 등 6개 차종이 각각 누적 100만대 판매를 넘어섰다.현대차는 1986년 1월 울산공장에서 생산한 소형 세단 '포니 엑셀(현지명 엑셀)'을 수출하면서 미국 시장에 진출했다. 미국 진출 20년째인 2005년에는 미국 남부 앨라배마주에 첫 현지 생산 공장을 지었다. 이를 발판 삼아 현대차는 2007년 미국 누적 판매 500만대를 달성했고 2015년에는 1000만대를 넘어서는 등 빠르게 성장했다. 올해부터 미국 조지아주 서배너에 ‘현대차그룹 메타플랜트 아메리카’(HMGMA)가 본격 가동을 시작하면서 현지 판매도 속도를 내고 있다.호세 무뇨스 현대차 최고경영자(CEO·사장)는 자신의 소셜미디어(SNS)에서 ""5월에 현대차는 두 가지 중요한 이정표를 세웠다""며 ""1986년 미국 시장 진출 이후 누적 판매량 1700만대를 돌파했고, HMGMA에서 생산한 신형 전기차 아이오닉 9의 판매를 시작했다""고 말했다.현대차는 미국의 수입차 관세에도 지난달 미국에서 전년 동기대비 8.1% 늘어난 9만1244대(제네시스 포함)를 판매했다. 베뉴(4439대)는 전년 동기 판매량이 74.4% 급증했고, 아반떼(1만5741대)는 같은 기간 18.3% 늘었다. 투싼(1만9905대·14.6%↑), 팰리세이드(1만1207대·10.4%↑) 등 스포츠유틸리티차량(SUV) 판매도 호조를 보였다.기아도 좋은 성적을 이어갔다. 기아는 지난달 미국에서 전년동월대비 5.1% 늘어난 7만9007대를 판매했다. 8개월 연속 판매 증가세다. 특히 K4(1만3870대)는 올해 5개월 연속 월간 1만대 판매를 돌파했다.다만 현대차·기아가 관세 여파로 제품 가격을 인상할 가능성이 있는 만큼 판매 호조를 유지할 수 있을진 미지수다. 현대차·기아는 미국 시장에서 3월(13.4%), 4월(16.3%) 두 자릿수 증가율을 기록했지만, 5월엔 한 자릿수(6.7%)로 떨어졌다. 전문가들은 수입차 관세 부과를 앞두고 소비자들이 구매를 서두른 추세가 5월에는 상당 부분 잦아든 것으로 보고 있다. CNBC에 따르면 자동차 시장조사업체 콕스 오토모티브는 앞서 두 달간 구매가 치솟았던 현상이 5월에는 둔화한 것으로 분석하면서 미국 자동차 시장의 5월 전체 판매량이 작년 동월 대비 3.2% 그친 것으로 추정했다. 이날 실적을 발표한 완성차 가운데 도요타(24만176대·10.9%↑), 포드(21만9847대·16.4%↑), 혼다(13만5432대·6.5%↑) 증가세를 보였고, 스바루(5만2292대·10.4%↓), 마쓰다(2만8937대·18.6%↓) 판매가 감소했다.",https://imgnews.pstatic.net/image/015/2025/06/04/0005140575_001_20250604152514793.jpg?type=w860,https://n.news.naver.com/mnews/article/015/0005140575,"['엘란트라', '대', '쏘나타', '투', '등', '인기', '현대차', '기아', '관세', '5월', '판매', '사진', '현대차', '제공', '현대자동차', '년', '미국', '진출', '년', '만', '누적', '판매', '대수', '대', '돌파', '아', '떼', '현지', '명', '엘란트라', '사진', '쏘나타', '투', '등', '인기', '모델', '미국', '소비자', '사랑', '덕분', '미국', '수입', '차', '관세', '영향', '현대차', '성장', '주목', '현대차', '미국', '법인', '5월', '기준', '누적', '판매', '대수', '대', '제네시스', '제외', '대', '돌파', '일', '현지', '시간', '베스트', '셀', '링', '카', '누적', '대가', '아바', '아바', '최근', '미국', '시사', '주간지', '뉴스', '앤드', '월드리포트', '주관', '10대', '최고', '차량', '달러', '달러', '가격', '자동차', '중', '최고', '자동차', '선정', '포함', '쏘나타', '투', '엑센트', '엑셀', '등', '개', '차종', '누적', '대', '판매', '현대차', '년', '1월', '울산', '공장', '생산', '소형', '세단', '포니', '엑셀', '현지', '명', '엑셀', '수출', '미국', '시장', '진출', '미국', '진출', '년', '년', '미국 남부', '앨라배마', '주', '현지', '생산', '공장', '발판', '현대차', '년', '미국', '누적', '판매', '대', '달성', '년', '대', '등', '성장', '올해', '미국', '조지', '아주', '서배너', '현대차', '그룹', '메타', '플랜트', '아메리카', '가동', '시작', '현지', '판매', '속도', '호세', '현대차', '최고경영자', '사장', '자신', '소', '미', '디어', '5월', '현대차', '가지', '이정표', '1986년', '미국', '시장', '진출', '이후', '누적', '판매량', '대', '돌파', '생산', '신형', '기차', '아이오', '닉', '판매', '시작', '말', '현대차', '미국', '수입', '차', '관세', '지난달', '미국', '전년', '동기', '대비', '대', '제네시스', '포함', '판매', '베', '뉴', '대', '전년', '동기', '판매량', '급증', '아', '떼', '대', '기간', '투', '대', '팰리세이드', '대', '등', '스포츠', '유틸리티', '차량', '판매', '호조', '기아', '성적', '기아', '지난달', '미국', '전년', '동월', '대비', '대', '판매', '개월', '연속', '판매', '증가세', 'K4', '대', '올해', '개월', '연속', '월간', '대', '판매', '돌파', '현대차', '기아', '관세', '여파', '제품', '가격', '인상', '만큼', '판매', '호조', '유지', '수', '미지', '수다', '현대차', '기아', '미국', '시장', '3월', '4월', '자릿수', '증가', '기록', '5월', '자릿수', '전문가', '수입', '차', '관세', '부과', '소비자', '구매', '추세', '5월', '상당', '부분', '것', '자동차', '시장', '조사', '업체', '콕스', '오토', '모티브', '달', '간', '구매', '현상', '5월', '둔화', '것', '분석', '미국', '자동차', '시장', '5월', '전체', '판매량', '작년', '동월', '대비', '것', '추정', '이날', '실적', '발표', '완성', '차', '가운데', '도요타', '대', '포드', '대', '혼다', '대', '증가세', '스바루', '대', '마쓰다', '대', '판매', '감소']",-1,"['경제-금융_재테크', '경제-부동산', '정치-청와대', '정치-행정_자치', '정치-국회_정당', '정치-선거', '지역-강원', '경제-경제일반', '국제-중국', '국제-미국_북미', '경제-유통', '사회-사건_사고', '경제-취업_창업', '사회-사회일반', '지역-경기', '지역-제주', '지역-대구', '사회-노동_복지', '지역-충남', '지역-광주', '지역-전북', 'IT_과학-콘텐츠', '국제-아시아', '지역-충북', '지역-대전', '정치-정치일반', '문화-방송_연예', '지역-울산', '경제-증권_증시', 'IT_과학-모바일', '지역-경남', '지역-부산', '지역-전남', '경제-자동차', '사회-여성', '경제-산업_기업', 'IT_과학-인터넷_SNS', 'IT_과학-과학', 'IT_과학-보안', '문화-출판', '사회-환경', '사회-미디어', '정치-북한', '경제-반도체', '경제-무역', '국제-러시아', '국제-국제일반', '문화-생활', '국제-유럽_EU', '경제-서비스_쇼핑', '문화-미술_건축', '지역-지역일반', '경제-국제경제', '지역-경북', '스포츠-골프', '국제-중남미', '문화-문화일반', '국제-중동_아프리카', '문화-종교', '문화-전시_공연', '국제-일본', '사회-장애인', '문화-영화', '문화-음악', '문화-요리_여행', '경제-외환', '사회-의료_건강', 'IT_과학-IT_과학일반', '경제-자원', '정치-외교', '스포츠-스포츠일반', '스포츠-농구_배구', '스포츠-축구-한국프로축구', '스포츠-축구', '스포츠-월드컵', '스포츠-올림픽_아시안게임', '스포츠-야구', '스포츠-야구-일본프로야구', '스포츠-야구-메이저리그']"
산업/재계,전기차 캐즘에도 배터리 사용량 40.2%↑…K배터리 점유율은 4.6%p↓,"중국 업체 성장세 지속LG 3위, SK 4위 유지 



SNE리서치 제공 [파이낸셜뉴스] 전기차 캐즘(일시적 수요 정체)에도 글로벌 전기차 배터리 사용량이 성장세를 이어간 갔지만 K배터리 3사의 점유율은 오히려 하락한 것으로 나타났다.   4일 시장조사업체 SNE리서치에 따르면 올해 1∼4월 세계 각국에 등록된 전기차(EV)·플러그인하이브리드차(PHEV)·하이브리드차(HEV)에 탑재된 배터리 총사용량은 308.5GWh(기가와트시)로, 전년 동기 대비 40.2% 증가했다.   같은 기간 LG에너지솔루션, SK온, 삼성SDI 등 국내 배터리 3사의 글로벌 전기차용 배터리 사용량 시장 점유율은 전년 동기 대비 4.6%포인트 하락한 17.9%에 머물렀다.   LG에너지솔루션은 전년 동기 대비 16.3% 증가한 31.4GWh, SK온은 24.1% 늘어난 13.4GWh로 각각 3위와 4위를 유지했다. 삼성SDI(7위)는 11.2% 감소한 10.3GWh에 그쳤다. SNE리서치는 유럽과 북미 시장 내 주요 완성차 고객들의 배터리 수요 감소가 주요 원인으로 작용한 것으로 분석했다.   중국 업체들의 성장세는 지속됐다. CATL은 전년 동기 대비 42.4% 증가한 117.6GWh로 글로벌 1위 자리를 견고히 유지했다. CATL의 점유율은 38.1%다. BYD(비야디)도 60.8% 성장한 53.4GWh로 2위(점유율 17.3%)를 지켰다. 테슬라에 배터리를 공급하는 일본 파나소닉은 8.7% 감소한 9.4GWh로 8위에 머물렀다.",https://imgnews.pstatic.net/image/014/2025/06/04/0005359097_001_20250604152311299.jpg?type=w860,https://n.news.naver.com/mnews/article/014/0005359097,"['중국', '업체', '성장세', '지속', 'LG', '위', '위', '유지', '리서치', '제공', '파이낸셜뉴스', '기차', '즘', '일', '시적', '수요', '정체', '글로벌', '기차', '배터리', '사용량', '성장세', '어간', '배터리', '점유', '하락', '것', '일', '시장', '조사', '업체', '리서치', '올해', '월', '세계', '각국', '등록', '기차', '플러그인', '하이브리드', '차', '하이브리드', '차', '탑재', '배터리', '총사', '용량', '기가', '와트', '시', '전년', '동기', '대비', '증가', '기간', '에너지', '솔루션', '온', '삼성SDI', '등', '국내', '배터리', '글로벌', '전기', '차용', '배터리', '사용량', '시장 점유율', '전년', '동기', '대비', '포인트', '하락', '에너지', '솔루션', '전년', '동기', '대비', '증가', '온', '위', '위', '유지', '삼성SDI', '위', '감소', '리서치', '유럽', '북미', '시장', '완성', '차', '고객', '배터리', '수요', '감소', '원인', '작용', '것', '분석', '중국', '업체', '성장세', '지속', '전년', '동기', '대비', '증가', '글로벌', '위', '자리', '유지', '점유', '비야', '디', '성장', '위', '점유', '테슬라', '배터리', '공급', '일본', '파나소닉', '감소', '위']",-1,"['경제-금융_재테크', '경제-부동산', '정치-청와대', '정치-행정_자치', '정치-국회_정당', '정치-선거', '지역-강원', '경제-경제일반', '국제-중국', '국제-미국_북미', '경제-유통', '사회-사건_사고', '경제-취업_창업', '사회-사회일반', '지역-경기', '지역-제주', '지역-대구', '사회-노동_복지', '지역-충남', '지역-광주', '지역-전북', 'IT_과학-콘텐츠', '국제-아시아', '지역-충북', '지역-대전', '정치-정치일반', '지역-울산', '경제-증권_증시', 'IT_과학-모바일', '지역-경남', '지역-부산', '사회-교육_시험', '지역-전남', '경제-자동차', '사회-여성', '경제-산업_기업', 'IT_과학-인터넷_SNS', 'IT_과학-과학', 'IT_과학-보안', '사회-환경', '사회-미디어', '경제-반도체', '경제-무역', '국제-러시아', '국제-국제일반', '국제-유럽_EU', '경제-서비스_쇼핑', '문화-미술_건축', '지역-지역일반', '경제-국제경제', '지역-경북', '국제-중남미', '문화-문화일반', '문화-전시_공연', '국제-일본', '문화-요리_여행', '경제-외환', '사회-의료_건강', 'IT_과학-IT_과학일반', '경제-자원', '정치-외교', '스포츠-스포츠일반', '스포츠-월드컵', '스포츠-야구-일본프로야구', '스포츠-야구-메이저리그']"
산업/재계,"중기·소상공인계 ""중기 중심으로 성장 엔진 재점화""[이재명 정부]","중기중앙회 ""공정한 경제 생태계 조성""미래 성장 위한 제언집 전달한 중견련소공연 등은 추경 예산 확보 적극 요구



[서울=뉴시스] 고범준 기자 = 이재명 대통령이 4일 서울 용산 대통령실 청사에서 새 정부 첫 인사 발표를 하기 위해 연단에 오르고 있다. 2025.06.04. bjko@newsis.com[서울=뉴시스]류난영 강은정 수습 기자 = 중소·중견·벤처·소상공인 업계가 이재명 정부에 '경제 회복'과 '지원 확대'를 한목소리로 요청했다.4일 업계에 따르면 중소기업중앙회(중기중앙회), 한국중견기업연합회(중견련), 소상공인연합회(소진공) 등은 이재명 대통령 당선 직후 논평을 내고 ""새 정부의 최우선 과제는 경제 회복이며 대한민국 성장 엔진을 재점화하기 위한 지원이 절실하다""고 밝혔다.중기중앙회는 ""한국 경제는 0%대 저성장, 저출생·고령화, 통상 전쟁 등 복합 위기에 직면해 있다""며 ""새 정부는 이러한 위기를 극복하고 꺼져 가는 대한민국 성장 엔진을 재점화하기 위해 역량을 기울여야 한다""고 했다.그러면서 ""미래 선도 전략산업 육성에 있어 중소기업의 지원을 강화하고 전통 제조중소기업의 구조를 인공지능(AI)·탄소중립 기반으로 개선해 산업 경쟁력을 확보할 수 있도록 해야한다""며 ""대기업과 온라인 플랫폼, 금융기관 등 모든 경제 주체 간 공정한 경제 생태계를 조성해 더불어 성장하는 기반을 마련해 달라""고 주문했다.경제5단체 중 하나인 중견련은 ""세계 각국이 증명하듯 정부와 기업은 상호 배타적인 존재가 아니라 장기적인 국가 발전의 파트너""라며 ""금지와 처벌이라는 고질적 인식에서 벗어나 도전을 촉진하는 선진국형 법·규제 환경을 조성해 기업의 창의성을 극대화해야 한다""고 제언했다. 소공연은 ""새 정부가 소상공인 정책을 우선순위에 두길 바란다""며 ""중소벤처기업부 산하 소상공인 전담 차관 도입 등 소상공인 전담 조직을 확충해야 한다""고 말했다.또 ""이 대통령이 후보 시절 언급한 민생 추가경정예산(추경)에 코로나 대출 채무 조정·탕감, 이자 부담 경감, 새출발기금 대상 확대 등이 포함돼 소상공인에게 희망과 용기를 불어넣어 주길 바란다""고 전했다.벤처업계는 이재명 대통령이 벤처·스타트업 공약을 실제 기업 현장에서 체감할 수 있는 정책으로 구현해 달라고 제언했다.벤처기업협회는 ""68개 법정기금의 벤처투자 의무화 등 민간 모험자본 벤처투자 확대, 규제혁신 기준국가 목표제 도입을 통한 규제 혁신, 벤처기업 핵심연구인력의 주 52시간 예외 적용 등을 담은 근로제도 개선 과제들이 새 정부의 국정 아젠다에 반영돼야 한다""며 ""벤처기업이 대한민국 경제 성장의 선발투수 역할을 할 수 있는 환경이 만들어지기를 바란다""고 말했다.한국중소상인자영업자연합회 역시 ""소상공인·자영업자 회복을 위해서는 신속하고 실질적인 지원이 필요하다""며 ""소멸성 지역 화폐로 지급되는 긴급민생회복지원금과 3조원 규모의 지역사랑상품권 지원 예산이 추경에 반드시 포함돼야 한다""고 추경의 중요성을 언급했다.한국경영혁신중소기업협회(메인비즈협회)는 성장 단계별 맞춤형 혁신 지원을, 한국여성경제인협회는 펨테크를 여성 특화 산업으로 지정 및 육성할 것을 제언했다.",https://imgnews.pstatic.net/image/003/2025/06/04/NISI20250604_0020840121_web_20250604142758_20250604152323580.jpg?type=w860,https://n.news.naver.com/mnews/article/003/0013286322,"['중기', '중앙회', '공정', '경제', '생태계', '조성', '미래', '성장', '제언', '집', '전달', '중견', '소', '공연', '등', '추경', '예산', '확보', '적극', '요구', '서울', '뉴시스', '고범준', '기자', '이재명', '대통령', '일', '서울', '용산', '대통령', '실', '청사', '정부', '인사', '발표', '연단', '서울', '뉴시스', '류', '난', '영', '강', '은정', '수습', '기자', '중소', '중견', '벤처', '소상', '공인', '업계', '이재명', '정부', '경제', '회복', '지원', '확대', '목소리', '요청', '일', '업계', '중소기업중앙회', '중기', '중앙회', '한국', '중견기업', '연합회', '중견', '소상', '공인', '연합회', '소', '진공', '등', '이재명', '대통령', '당선', '직후', '논평', '정부', '우선', '과제', '경제', '회복', '대한민국', '성장', '엔진', '점화', '하기', '지원', '중기', '중앙회', '한국', '경제', '대', '성장', '출생', '고령', '전쟁', '등', '복합', '위기', '직면', '있다', '정부', '위기', '극복', '대한민국', '성장', '엔진', '점화', '하기', '역량', '미래', '선도', '전략산업', '육성', '중소기업', '지원', '강화', '전통', '제조', '중소기업', '구조', '인공지능', '탄소', '중립', '기반', '개선', '산업', '경쟁력', '확보', '수', '대기업', '온라인', '플랫폼', '금융', '기관', '등', '경제', '주체', '간', '공정', '경제', '생태계', '조성', '성장', '기반', '마련', '주문', '경제', '단체', '중', '중견', '세계', '각국', '증명', '정부', '기업', '상호', '배타', '존재', '장기', '국가', '발전', '파트너', '금지', '처벌', '고질', '인식', '도전', '촉진', '선진국', '법', '규제', '환경', '조성', '기업', '창의성', '극대', '제언', '공연', '정부', '소상', '공인', '정책', '우선순위', '길', '중소', '벤처기업', '부', '산하', '소상', '공인', '전담', '차관', '도입', '등', '소상', '공인', '전담', '조직', '확충', '말', '대통령', '후보', '시절', '언급', '민생', '추가경정예산', '추경', '코로나', '대출', '채무', '조정', '탕감', '이자', '부담', '경감', '출발', '기금', '대상', '확대', '등', '포함', '소상', '공인', '희망', '용기', '벤처', '업계', '이재명', '대통령', '벤처', '스타트', '업', '공약', '실제', '기업', '현장', '체감', '수', '정책', '구현', '제언', '벤처기업협회', '개', '법정', '기금', '벤처', '투자', '의무', '등', '민간', '모험', '자본', '벤처', '투자', '확대', '규제', '혁신', '기준', '국가', '목표', '도입', '규제', '혁신', '벤처기업', '핵심', '연구', '인력', '시간', '예외', '적용', '등', '근로', '제도', '개선', '과제', '정부', '국정', '아', '젠', '다', '반영', '벤처기업', '대한민국', '경제', '성장', '선발투수', '역할', '수', '환경', '말', '한국', '중소', '상인', '자영업자', '연합회', '소상', '공인', '자영업자', '회복', '신속', '실질', '지원', '필요', '소멸', '지역', '화폐', '지급', '긴급', '민생', '회복', '지원금', '원', '규모', '지역', '사랑', '상품권', '지원', '예산', '추경', '포함', '추경', '언급', '한국', '경영', '혁신', '중소기업', '협회', '메인', '비즈', '협회', '성장', '단계', '맞춤', '혁신', '지원', '한국', '여성', '경제인', '협회', '여성', '특화', '산업', '지정', '육성', '것', '제언']",-1,"['경제-금융_재테크', '경제-부동산', '정치-청와대', '정치-행정_자치', '정치-국회_정당', '정치-선거', '지역-강원', '경제-경제일반', '국제-중국', '국제-미국_북미', '경제-유통', '경제-취업_창업', '사회-사회일반', '지역-경기', '지역-제주', '지역-대구', '사회-노동_복지', '지역-충남', '지역-광주', '지역-전북', 'IT_과학-콘텐츠', '국제-아시아', '지역-충북', '지역-대전', '정치-정치일반', '문화-방송_연예', '지역-울산', '경제-증권_증시', 'IT_과학-모바일', '지역-경남', '지역-부산', '사회-교육_시험', '지역-전남', '경제-자동차', '사회-여성', '경제-산업_기업', 'IT_과학-인터넷_SNS', 'IT_과학-과학', 'IT_과학-보안', '문화-출판', '사회-환경', '사회-미디어', '정치-북한', '경제-반도체', '경제-무역', '국제-러시아', '문화-학술_문화재', '국제-국제일반', '문화-생활', '국제-유럽_EU', '경제-서비스_쇼핑', '문화-미술_건축', '지역-지역일반', '경제-국제경제', '지역-경북', '스포츠-골프', '국제-중남미', '문화-문화일반', '국제-중동_아프리카', '문화-종교', '문화-전시_공연', '국제-일본', '사회-장애인', '문화-영화', '문화-음악', '문화-요리_여행', '경제-외환', '사회-의료_건강', 'IT_과학-IT_과학일반', '경제-자원', '정치-외교', '스포츠-스포츠일반', '스포츠-농구_배구', '스포츠-축구-한국프로축구', '스포츠-축구', '스포츠-월드컵', '스포츠-야구-일본프로야구', '스포츠-야구-메이저리그']"
산업/재계,"가스公, LNG 터미널 안전성 제고…기술 동향 공유·현안 토의","대형 가스저장시설 안전관리 실무회의설비 정비 분야 안전 혁신 성과 등 공유



[세종=뉴시스]대형 가스저장시설 안전관리 협의회 실무자 회의 단체 기념사진이다.(사진=한국가스공사 제공) *재판매 및 DB 금지[세종=뉴시스]손차민 기자 = 한국가스공사가 4일부터 이틀간 제주에서 액화천연가스(LNG) 터미널 안전성 향상을 위한 '대형 가스저장시설 안전관리 협의회 실무자 회의'를 개최한다고 밝혔다.이번 행사에는 가스공사와 한국가스안전공사, 한국가스기술공사, 민간 LNG 터미널 사업자 등 9개사 관계자 30여명이 참석했다.대형 가스저장시설의 안전관리 수준을 강화하기 위한 협의회를 통해 정부와 업계는 최신 법령 개정 사항이나 사고 사례, 현장 안전관리 현황을 공유하는 등 선제적인 사고 예방 활동을 펼치고 있다.이번 협의회에서 참석자들은 ▲4차 산업 기반의 천연가스 설비 정비 분야 안전 혁신 성과 ▲안티드론 시스템 ▲저장탱크 안전등급제 ▲방폭지역 내 전기차 운영에 관한 연구 결과 등 최신 업계 동향과 LNG 터미널 안전·보안 관련 기술 정보를 공유했다.가스공사 관계자는 ""이번 협의회에서 다룬 LNG 터미널 안전관리 강화 방안을 현장에 적용해 안전하고 안정적인 천연가스 공급에 매진하고 업계와의 긴밀한 협력으로 국가 LNG 산업의 첨단 경쟁력 제고에 힘쓰겠다""고 말했다.",https://imgnews.pstatic.net/image/003/2025/06/04/NISI20250604_0001859605_web_20250604151933_20250604152321528.jpg?type=w860,https://n.news.naver.com/mnews/article/003/0013286321,"['대형', '가스', '저장', '시설', '안전', '관리', '실무', '회의', '설비', '정비', '분야', '안전', '혁신', '성과', '등', '공유', '세종', '뉴시스', '대형', '가스', '저장', '시설', '안전', '관리', '협의회', '실무자', '회의', '단체', '기념사진', '사진', '한국가스공사', '제공', '판매', '금지', '세종', '뉴시스', '손', '차', '민', '기자', '한국가스공사', '일', '이틀', '간', '제주', '액화천연가스', '터미널', '안전', '향상', '대형', '가스', '저장', '시설', '안전', '관리', '협의회', '실무자', '회의', '개최', '이번', '행사', '가스', '공사', '한국가스안전공사', '한국가스기술공사', '민간', '터미널', '사업자', '등', '개사', '관계자', '여명', '참석', '대형', '가스', '저장', '시설', '안전', '관리', '수준', '강화', '협의회', '정부', '업계', '최신', '법령', '개정', '사항', '사고', '사례', '현장', '안전', '관리', '현황', '공유', '등', '선제', '사고', '예방', '활동', '이번', '협의회', '참석자', '차', '산업', '기반', '천연가스', '설비', '정비', '분야', '안전', '혁신', '성과', '안티', '드', '시스템', '저장', '탱크', '안전', '등급제', '방', '폭', '지역', '기차', '운영', '연구', '결과', '등', '최신', '업계', '동향', '터미널', '안전', '보안', '관련', '기술', '정보', '공유', '가스', '공사', '관계자', '이번', '협의회', '터미널', '안전', '관리', '강화', '방안', '현장', '적용', '안전', '안정', '천연가스', '공급', '매진', '업계', '협력', '국가', '산업', '첨단', '경쟁력', '제고', '말']",-1,"['경제-금융_재테크', '경제-부동산', '정치-청와대', '정치-행정_자치', '정치-국회_정당', '정치-선거', '지역-강원', '경제-경제일반', '국제-중국', '국제-미국_북미', '경제-유통', '사회-사건_사고', '경제-취업_창업', '사회-사회일반', '지역-경기', '지역-제주', '지역-대구', '사회-노동_복지', '지역-충남', '지역-광주', '지역-전북', 'IT_과학-콘텐츠', '국제-아시아', '지역-충북', '지역-대전', '정치-정치일반', '문화-방송_연예', '지역-울산', 'IT_과학-모바일', '지역-경남', '지역-부산', '사회-교육_시험', '지역-전남', '경제-자동차', '사회-여성', '경제-산업_기업', 'IT_과학-인터넷_SNS', 'IT_과학-과학', 'IT_과학-보안', '사회-환경', '사회-미디어', '정치-북한', '경제-반도체', '경제-무역', '국제-러시아', '문화-학술_문화재', '국제-국제일반', '문화-생활', '국제-유럽_EU', '경제-서비스_쇼핑', '지역-지역일반', '경제-국제경제', '지역-경북', '국제-중남미', '문화-문화일반', '국제-중동_아프리카', '문화-전시_공연', '국제-일본', '문화-요리_여행', '사회-의료_건강', 'IT_과학-IT_과학일반', '경제-자원', '정치-외교', '스포츠-스포츠일반', '스포츠-축구', '스포츠-월드컵', '스포츠-올림픽_아시안게임', '스포츠-야구-메이저리그']"
산업/재계,'범GS家 3세' 허남각 삼양통상 회장 숙환으로 별세,"(서울=연합뉴스) 장하나 기자 = 범GS가(家)의 3세인 허남각 삼양통상 회장이 4일 오전 숙환으로 별세했다. 향년 87세.



고 허남각 삼양통상 회장[삼양통상 제공. 재판매 및 DB 금지]    고인은 GS그룹 창업주인 고(故) 허만정 회장의 장손이자 삼양통상 창업주인 고 허정구 명예회장의 장남으로 1938년 진주에서 태어났다.    서울 보성고와 서울대 상과대를 졸업한 뒤 미국 시카고대 대학원에서 경제학 석사 학위를 받았다. 국내에서 시카고대 한국동문회장도 역임했다.     1961년 삼양통상 사장에 취임한 후 반세기 넘게 회사를 이끌며 베트남 진출을 이뤄냈고 국내 제혁 산업의 글로벌화를 선도했다. 1986년 미국 나이키사와 계약을 맺고 한국 나이키를 설립해 회장을 맡기도 했다.     1990년부터는 삼양통상 대표이사 회장을 맡았다.    교육과 문화, 스포츠 분야의 사회 공헌에도 앞장섰다.     서울대 총동문회 기부를 통해 서울대 장학기금('허남각 특지 장학회')을 조성해 후학 양성에 힘썼다.     또 선친의 뜻을 이어받아 삼형제(고인, 허동수 GS칼텍스 명예회장, 허광수 삼양인터내셔날 회장)가 함께 고려대 장학기금인 보헌(寶軒) 장학회를 운영해왔다.    삼형제는 2003년부터 선친의 이름을 딴 '허정구배 한국아마추어골프선수권대회'를 후원하며 유망 선수 발굴과 골프 저변 확대에 기여하는 등 한국 아마추어 골프 발전에도 힘썼다.     2022년 진주시 측과 지수면 승산마을 일대의 'K-기업가정신 마을' 조성 사업에 협력하기로 하고 생가 개방과 지역 발전 의지를 밝히는 등 고향 진주에 대한 애정도 깊었다.    고인은 평소 '기업인의 사회적 책임'을 강조해왔다.     삼양통상 관계자는 ""고인은 평생을 '무역 보국'의 신념으로 살아온 인물""이라며 ""산업 발전뿐 아니라 사회 전체의 품격을 높이는 데 기여한 조용한 리더였다""고 회고했다.     빈소는 연세대 신촌장례식장 특1호실에 마련됐고 발인은 7일 오전 8시다. 장지는 진주시 사봉면 봉곡리 선영이다. hanajjang@yna.co.kr",https://imgnews.pstatic.net/image/001/2025/06/04/AKR20250604118800003_01_i_P4_20250604152115821.jpg?type=w860,https://n.news.naver.com/mnews/article/001/0015432409,"['서울', '연합뉴스', '장하나', '기자', 'GS', '세', '허', '남', '삼양통상', '회장', '일', '오전', '숙환', '별세', '향년', '세', '허', '남', '삼양통상', '회장', '삼양통상', '제공', '판매', '금지', '고인', 'GS그룹', '창업', '주인', '고', '허만', '정', '회장', '장손', '삼양통상', '창업', '주인', '허정구', '명예', '회장', '장남', '년', '진주', '서울', '보성고', '서울대', '상', '대', '졸업', '뒤', '미국', '시카고', '대', '대학원', '경제학', '석사', '학위', '국내', '시카고', '대', '한국', '동문회', '장도', '역임', '년', '삼양통상', '사장', '취임', '후', '반세기', '회사', '베트남', '진출', '국내', '혁', '산업', '글로벌', '선도', '년', '미국', '나이키사', '계약', '한국', '나이키', '설립', '회장', '년', '삼양통상', '대표', '이사', '회장', '교육', '문화', '스포츠', '분야', '사회', '공헌', '서울대', '동문회', '기부', '서울대', '장학', '기금', '허', '남', '특', '지', '장학회', '조성', '후학', '양성', '선친', '뜻', '형제', '고인', '허동수', 'GS칼텍스', '명예', '회장', '허', '광수', '양인', '터', '내', '회장', '고려대', '장학', '기금', '보', '헌', '장학회', '운영', '형제', '년', '선친', '이름', '허정', '구배', '한국', '아마추어', '골프', '선수권대회', '후원', '유망', '선수', '발굴', '골프', '저변', '확대', '기여', '등', '한국', '아마추어', '골프', '발전', '년', '진주시', '측', '지수면', '승산', '마을', '일대', '기업가', '정신', '마을', '조성', '사업', '협력', '생가', '개방', '지역', '발전', '의지', '등', '고향', '진주', '애정', '고인', '평소', '기업인', '사회적 책임', '강조', '삼양통상', '관계자', '고인', '평생', '무역', '보', '국', '신념', '인물', '산업', '발전', '사회', '전체', '품격', '데', '기여', '리더', '회고', '빈소', '연세대', '신촌', '장례식', '장', '특', '호실', '마련', '발인', '일', '오전', '시', '장지', '진주시', '사봉면', '봉', '곡리', '선영']",-1,"['경제-금융_재테크', '경제-부동산', '정치-청와대', '정치-행정_자치', '정치-국회_정당', '정치-선거', '지역-강원', '경제-경제일반', '국제-중국', '국제-미국_북미', '경제-유통', '사회-사건_사고', '경제-취업_창업', '사회-사회일반', '지역-경기', '지역-제주', '지역-대구', '사회-노동_복지', '지역-충남', '지역-광주', '지역-전북', 'IT_과학-콘텐츠', '국제-아시아', '지역-충북', '지역-대전', '정치-정치일반', '지역-울산', '경제-증권_증시', 'IT_과학-모바일', '지역-경남', '지역-부산', '사회-교육_시험', '지역-전남', '경제-자동차', '사회-여성', '경제-산업_기업', 'IT_과학-인터넷_SNS', 'IT_과학-과학', 'IT_과학-보안', '문화-출판', '사회-환경', '사회-미디어', '정치-북한', '경제-반도체', '경제-무역', '국제-러시아', '문화-학술_문화재', '국제-국제일반', '문화-생활', '국제-유럽_EU', '경제-서비스_쇼핑', '문화-미술_건축', '지역-지역일반', '경제-국제경제', '지역-경북', '스포츠-골프', '국제-중남미', '문화-문화일반', '국제-중동_아프리카', '문화-종교', '문화-전시_공연', '국제-일본', '사회-장애인', '문화-영화', '문화-음악', '문화-요리_여행', '경제-외환', '사회-의료_건강', 'IT_과학-IT_과학일반', '경제-자원', '정치-외교', '스포츠-스포츠일반', '스포츠-농구_배구', '스포츠-축구-한국프로축구', '스포츠-축구', '스포츠-월드컵', '스포츠-올림픽_아시안게임', '스포츠-야구-일본프로야구']"
중기/벤처,"중기·소상공인계 ""중기 중심으로 성장 엔진 재점화""[이재명 정부]","중기중앙회 ""공정한 경제 생태계 조성""미래 성장 위한 제언집 전달한 중견련소공연 등은 추경 예산 확보 적극 요구



[서울=뉴시스] 고범준 기자 = 이재명 대통령이 4일 서울 용산 대통령실 청사에서 새 정부 첫 인사 발표를 하기 위해 연단에 오르고 있다. 2025.06.04. bjko@newsis.com[서울=뉴시스]류난영 강은정 수습 기자 = 중소·중견·벤처·소상공인 업계가 이재명 정부에 '경제 회복'과 '지원 확대'를 한목소리로 요청했다.4일 업계에 따르면 중소기업중앙회(중기중앙회), 한국중견기업연합회(중견련), 소상공인연합회(소진공) 등은 이재명 대통령 당선 직후 논평을 내고 ""새 정부의 최우선 과제는 경제 회복이며 대한민국 성장 엔진을 재점화하기 위한 지원이 절실하다""고 밝혔다.중기중앙회는 ""한국 경제는 0%대 저성장, 저출생·고령화, 통상 전쟁 등 복합 위기에 직면해 있다""며 ""새 정부는 이러한 위기를 극복하고 꺼져 가는 대한민국 성장 엔진을 재점화하기 위해 역량을 기울여야 한다""고 했다.그러면서 ""미래 선도 전략산업 육성에 있어 중소기업의 지원을 강화하고 전통 제조중소기업의 구조를 인공지능(AI)·탄소중립 기반으로 개선해 산업 경쟁력을 확보할 수 있도록 해야한다""며 ""대기업과 온라인 플랫폼, 금융기관 등 모든 경제 주체 간 공정한 경제 생태계를 조성해 더불어 성장하는 기반을 마련해 달라""고 주문했다.경제5단체 중 하나인 중견련은 ""세계 각국이 증명하듯 정부와 기업은 상호 배타적인 존재가 아니라 장기적인 국가 발전의 파트너""라며 ""금지와 처벌이라는 고질적 인식에서 벗어나 도전을 촉진하는 선진국형 법·규제 환경을 조성해 기업의 창의성을 극대화해야 한다""고 제언했다. 소공연은 ""새 정부가 소상공인 정책을 우선순위에 두길 바란다""며 ""중소벤처기업부 산하 소상공인 전담 차관 도입 등 소상공인 전담 조직을 확충해야 한다""고 말했다.또 ""이 대통령이 후보 시절 언급한 민생 추가경정예산(추경)에 코로나 대출 채무 조정·탕감, 이자 부담 경감, 새출발기금 대상 확대 등이 포함돼 소상공인에게 희망과 용기를 불어넣어 주길 바란다""고 전했다.벤처업계는 이재명 대통령이 벤처·스타트업 공약을 실제 기업 현장에서 체감할 수 있는 정책으로 구현해 달라고 제언했다.벤처기업협회는 ""68개 법정기금의 벤처투자 의무화 등 민간 모험자본 벤처투자 확대, 규제혁신 기준국가 목표제 도입을 통한 규제 혁신, 벤처기업 핵심연구인력의 주 52시간 예외 적용 등을 담은 근로제도 개선 과제들이 새 정부의 국정 아젠다에 반영돼야 한다""며 ""벤처기업이 대한민국 경제 성장의 선발투수 역할을 할 수 있는 환경이 만들어지기를 바란다""고 말했다.한국중소상인자영업자연합회 역시 ""소상공인·자영업자 회복을 위해서는 신속하고 실질적인 지원이 필요하다""며 ""소멸성 지역 화폐로 지급되는 긴급민생회복지원금과 3조원 규모의 지역사랑상품권 지원 예산이 추경에 반드시 포함돼야 한다""고 추경의 중요성을 언급했다.한국경영혁신중소기업협회(메인비즈협회)는 성장 단계별 맞춤형 혁신 지원을, 한국여성경제인협회는 펨테크를 여성 특화 산업으로 지정 및 육성할 것을 제언했다.",https://imgnews.pstatic.net/image/003/2025/06/04/NISI20250604_0020840121_web_20250604142758_20250604152323580.jpg?type=w860,https://n.news.naver.com/mnews/article/003/0013286322,"['중기', '중앙회', '공정', '경제', '생태계', '조성', '미래', '성장', '제언', '집', '전달', '중견', '소', '공연', '등', '추경', '예산', '확보', '적극', '요구', '서울', '뉴시스', '고범준', '기자', '이재명', '대통령', '일', '서울', '용산', '대통령', '실', '청사', '정부', '인사', '발표', '연단', '서울', '뉴시스', '류', '난', '영', '강', '은정', '수습', '기자', '중소', '중견', '벤처', '소상', '공인', '업계', '이재명', '정부', '경제', '회복', '지원', '확대', '목소리', '요청', '일', '업계', '중소기업중앙회', '중기', '중앙회', '한국', '중견기업', '연합회', '중견', '소상', '공인', '연합회', '소', '진공', '등', '이재명', '대통령', '당선', '직후', '논평', '정부', '우선', '과제', '경제', '회복', '대한민국', '성장', '엔진', '점화', '하기', '지원', '중기', '중앙회', '한국', '경제', '대', '성장', '출생', '고령', '전쟁', '등', '복합', '위기', '직면', '있다', '정부', '위기', '극복', '대한민국', '성장', '엔진', '점화', '하기', '역량', '미래', '선도', '전략산업', '육성', '중소기업', '지원', '강화', '전통', '제조', '중소기업', '구조', '인공지능', '탄소', '중립', '기반', '개선', '산업', '경쟁력', '확보', '수', '대기업', '온라인', '플랫폼', '금융', '기관', '등', '경제', '주체', '간', '공정', '경제', '생태계', '조성', '성장', '기반', '마련', '주문', '경제', '단체', '중', '중견', '세계', '각국', '증명', '정부', '기업', '상호', '배타', '존재', '장기', '국가', '발전', '파트너', '금지', '처벌', '고질', '인식', '도전', '촉진', '선진국', '법', '규제', '환경', '조성', '기업', '창의성', '극대', '제언', '공연', '정부', '소상', '공인', '정책', '우선순위', '길', '중소', '벤처기업', '부', '산하', '소상', '공인', '전담', '차관', '도입', '등', '소상', '공인', '전담', '조직', '확충', '말', '대통령', '후보', '시절', '언급', '민생', '추가경정예산', '추경', '코로나', '대출', '채무', '조정', '탕감', '이자', '부담', '경감', '출발', '기금', '대상', '확대', '등', '포함', '소상', '공인', '희망', '용기', '벤처', '업계', '이재명', '대통령', '벤처', '스타트', '업', '공약', '실제', '기업', '현장', '체감', '수', '정책', '구현', '제언', '벤처기업협회', '개', '법정', '기금', '벤처', '투자', '의무', '등', '민간', '모험', '자본', '벤처', '투자', '확대', '규제', '혁신', '기준', '국가', '목표', '도입', '규제', '혁신', '벤처기업', '핵심', '연구', '인력', '시간', '예외', '적용', '등', '근로', '제도', '개선', '과제', '정부', '국정', '아', '젠', '다', '반영', '벤처기업', '대한민국', '경제', '성장', '선발투수', '역할', '수', '환경', '말', '한국', '중소', '상인', '자영업자', '연합회', '소상', '공인', '자영업자', '회복', '신속', '실질', '지원', '필요', '소멸', '지역', '화폐', '지급', '긴급', '민생', '회복', '지원금', '원', '규모', '지역', '사랑', '상품권', '지원', '예산', '추경', '포함', '추경', '언급', '한국', '경영', '혁신', '중소기업', '협회', '메인', '비즈', '협회', '성장', '단계', '맞춤', '혁신', '지원', '한국', '여성', '경제인', '협회', '여성', '특화', '산업', '지정', '육성', '것', '제언']",-1,"['경제-금융_재테크', '경제-부동산', '정치-청와대', '정치-행정_자치', '정치-국회_정당', '정치-선거', '지역-강원', '경제-경제일반', '국제-중국', '국제-미국_북미', '경제-유통', '경제-취업_창업', '사회-사회일반', '지역-경기', '지역-제주', '지역-대구', '사회-노동_복지', '지역-충남', '지역-광주', '지역-전북', 'IT_과학-콘텐츠', '국제-아시아', '지역-충북', '지역-대전', '정치-정치일반', '문화-방송_연예', '지역-울산', '경제-증권_증시', 'IT_과학-모바일', '지역-경남', '지역-부산', '사회-교육_시험', '지역-전남', '경제-자동차', '사회-여성', '경제-산업_기업', 'IT_과학-인터넷_SNS', 'IT_과학-과학', 'IT_과학-보안', '문화-출판', '사회-환경', '사회-미디어', '정치-북한', '경제-반도체', '경제-무역', '국제-러시아', '문화-학술_문화재', '국제-국제일반', '문화-생활', '국제-유럽_EU', '경제-서비스_쇼핑', '문화-미술_건축', '지역-지역일반', '경제-국제경제', '지역-경북', '스포츠-골프', '국제-중남미', '문화-문화일반', '국제-중동_아프리카', '문화-종교', '문화-전시_공연', '국제-일본', '사회-장애인', '문화-영화', '문화-음악', '문화-요리_여행', '경제-외환', '사회-의료_건강', 'IT_과학-IT_과학일반', '경제-자원', '정치-외교', '스포츠-스포츠일반', '스포츠-농구_배구', '스포츠-축구-한국프로축구', '스포츠-축구', '스포츠-월드컵', '스포츠-야구-일본프로야구', '스포츠-야구-메이저리그']"
중기/벤처,"한솔제지, 美 미시간 주립대학교 패키징 학과 초청행사 개최","한솔제지가 미국 미시간 주립대 패키징 학과 교수진과 학생들을 대전 공장에 초청해 기술 교류의 장을 마련했다고 4일 발표했다.패키징 학이란 식품이나 생활용품을 비롯해 각종 전자제품이나 의약품, 농수축산물 등에 쓰이는 패키징(포장)을 연구하는 학과다. 제품들을 안전하게 보관하고 편리성을 제공하면섣 제품이 잘 팔릴 수 있도록 하는 등 다양한 포장 기능을 연구한다.현재 미국에선 미시간대를 비롯해 클렘슨대학, 로체스터 공대, 위스콘신 대학 등에 개설돼 있다. 이중 미시간대 패키징 학과는 글로벌 패키징 분야에서 가장 권위 있는 교육기관으로 다양한 글로벌 기업들과 산학협력을 진행하고 있다. 국내에서는 2002년 연세대 원주캠퍼스가 4년제 대학으로는 처음으로 패키징 학과를 개설했다.이번 행사에 참여한 교수진 및 학생들은 한솔제지 대전공장의 생산공정을 견학해 한솔제지의 대표 친환경 패키징 제품인 테라바스와 프로테고의 개발 배경과 적용 사례를 들었다. 한솔제지 관계자들과 글로벌 규제 변화, 종이 패키징으로의 전환 사례 등 최신 패키징 산업 트렌드에 대해 의견을 나눴다. 이의학 미시간대 교수는 “친환경 패키징에 대한 세계적인 관심이 높아지는 가운데 아시아 시장에서 선도적인 기술력을 보유한 한솔제지를 방문하게 되어 뜻깊게 생각한다”며 “학생들에게도 산업 현장을 직접 경험하고 학문적 통찰을 넓힐 소중한 기회가 됐다”고 말했다.김태수 한솔제지 친환경 사업부문장은 “글로벌 패키징 인재들과 직접 소통하며, 한솔제지의 기술력과 지속할 수 있는 비전을 공유할 수 있어 의미 있었다”고 밝혔다. 한솔제지와 미시간대는 향후 온 오프라인 채널을 통해 기술 교류, 공동 연구, 인적 교류 등 다양한 분야에서 협력 관계를 지속해 나갈 계획이다.",https://imgnews.pstatic.net/image/015/2025/06/04/0005140572_001_20250604152431716.jpg?type=w860,https://n.news.naver.com/mnews/article/015/0005140572,"['한솔제지', '미국', '미시간', '주립대', '패', '징', '학과', '교수진', '학생', '대전', '공장', '초청', '기술', '교류', '장', '마련', '일', '발표', '패', '징', '학', '식품', '생활', '용품', '각종', '전자제품', '의약품', '농수', '축산물', '등', '패', '징', '포장', '연구', '학과', '제품', '안전', '보관', '편리', '제공', '제품', '수', '등', '포장', '기능', '연구', '미국', '에선', '미시간대', '로체스터', '공대', '위스콘신', '대학', '등', '개설', '이중', '미시간대', '패', '징', '학과', '글로벌', '패', '징', '분야', '권위', '교육', '기관', '글로벌', '기업', '산학', '협력', '진행', '국내', '년', '연세대', '원주', '캠퍼스', '년', '대학', '처음', '패', '징', '학과', '개설', '이번', '행사', '참여', '교수진', '학생', '한솔제지', '대전', '공장', '생산', '공정', '견학', '한솔제지', '대표', '친환경', '패', '징', '제품', '테라', '바스', '프로', '테', '고의', '개발', '배경', '적용', '사례', '한솔제지', '관계자', '글로벌', '규제', '변화', '종이', '패', '징', '전환', '사례', '등', '최신', '패', '징', '산업', '트렌드', '의견', '의학', '미시간대', '교수', '친환경', '패', '징', '세계', '관심', '가운데', '아시아', '시장', '선도', '기술력', '보유', '한솔제지', '방문', '뜻', '생각', '학생', '산업', '현장', '경험', '학문', '통찰', '기회', '말', '김태수', '한솔제지', '친환경', '사업부', '문장', '글로벌', '패', '징', '인재', '소통', '한솔제지', '기술력', '지속', '수', '비전', '공유', '수', '의미', '한솔제지', '미시간대', '향후', '오프라인', '채널', '기술', '교류', '공동', '연구', '인적', '교류', '등', '분야', '협력', '관계', '지속', '계획']",-1,"['경제-금융_재테크', '경제-부동산', '정치-청와대', '정치-행정_자치', '정치-국회_정당', '정치-선거', '지역-강원', '경제-경제일반', '국제-중국', '국제-미국_북미', '경제-유통', '사회-사건_사고', '경제-취업_창업', '사회-사회일반', '지역-경기', '지역-제주', '지역-대구', '사회-노동_복지', '지역-충남', '지역-광주', '지역-전북', 'IT_과학-콘텐츠', '국제-아시아', '지역-충북', '지역-대전', '정치-정치일반', '문화-방송_연예', '지역-울산', '경제-증권_증시', 'IT_과학-모바일', '지역-경남', '지역-부산', '사회-교육_시험', '지역-전남', '경제-자동차', '사회-여성', '경제-산업_기업', 'IT_과학-인터넷_SNS', 'IT_과학-과학', 'IT_과학-보안', '문화-출판', '사회-환경', '사회-미디어', '정치-북한', '경제-반도체', '경제-무역', '국제-러시아', '문화-학술_문화재', '국제-국제일반', '문화-생활', '국제-유럽_EU', '경제-서비스_쇼핑', '문화-미술_건축', '지역-지역일반', '경제-국제경제', '스포츠-골프', '국제-중남미', '문화-문화일반', '국제-중동_아프리카', '문화-종교', '문화-전시_공연', '국제-일본', '사회-장애인', '문화-영화', '문화-음악', '문화-요리_여행', '경제-외환', '사회-의료_건강', 'IT_과학-IT_과학일반', '경제-자원', '정치-외교', '스포츠-스포츠일반', '스포츠-농구_배구', '스포츠-축구-한국프로축구', '스포츠-축구', '스포츠-월드컵', '스포츠-올림픽_아시안게임', '스포츠-야구', '스포츠-야구-일본프로야구']"
중기/벤처,"파이디지털, 디지털 연포장 제조 선도 기업으로 도약","디지털 인쇄 기반 소량 생산 중심의 시장 변화에 발맞춰 광주에 스마트팩토리 구축[이데일리 이윤정 기자] 국내 디지털 인쇄 기반 연포장 전문 브랜드 파이디지털(PAI DIGITAL)이 최근 광주 도척면에 스마트팩토리를 구축하고, 디지털 연포장 제조 역량을 한층 강화했다고 4일 밝혔다.



파이디지털은 포장재 전문 기업 주식회사 씨지엑스(CGX)의 맞춤 제작 패키지 브랜드로, 스마트팩토리는 디지털 인쇄 전용 설비와 합지, 가공, 물류 시스템을 원스톱 제작이 가능한 모든 공정을 보유하고 있으며, 다품종 소량생산을 위한 최적의 생산 환경을 구현하고 있다.  기존 연포장 업계는 수만 장 단위의 대량 주문이 아니면 제작 자체가 어려운 구조였다. 하지만 파이디지털은 최소 1000장부터 시작 가능한 소량 맞춤 생산 시스템을 운영하며, 소상공인, 1인 브랜드, 스타트업 등 초기 브랜드들의 진입 장벽을 낮췄다. 파이디지털 관계자는 “이제 연포장 인쇄도 디지털 방식으로 전환하지 않으면 시장에서 생존이 어려운 시대”라며, “파이디지털은 단순한 인쇄가 아닌 브랜드의 브랜딩 파트너로서, 누구나 고품질의 패키지를 쉽게 제작할 수 있도록 돕는 것이 목표”라고 설명했다. 파이디지털은 PET, VMPET, 알루미늄, 크라프트지, 나일론 등 다양한 원단과 함께 지속가능한 친환경 소재 옵션도 제공하고 있다. 유광/무광, 투명창, 지퍼 등 후가공 옵션까지 지원하며 브랜드의 정체성과 용도에 맞는 맞춤형 포장을 구현할 수 있는 디지털 환경을 제공하고 있다.또한 전문가 1:1 상담 등 초기 브랜드도 쉽게 접근할 수 있도록 서비스 체계를 단순화하고 있으며, 온라인 맞춤제작 주문솔루션을 구축하여 주문방식을 디지털시대에 맞게 혁신적으로 개선했다.



파이디지털의 온라인 맞춤제작 주문솔루션은 고객의 주문뿐만 아니라, 생산관리에 필요한 모든 공정데이터를 전산관리 할 수 있게 개발되어 다품종 소량생산의 다양한 니즈를 신속하고 체계적으로 생산 관리할 수 있고, 소량, 납기, 품질 세 가지 축을 기반으로 ‘디지털 연포장 제조의 표준화’를 목표로 한다는 포부도 밝혔다.파이디지털은 앞으로도 스마트팩토리를 기반으로 친환경 소재 적용 확대, 자동화 공정 고도화, 글로벌 브랜드 협업 등 다양한 프로젝트를 통해 디지털 연포장 산업의 새로운 기준을 만들어갈 계획이다.","https://imgnews.pstatic.net/image/018/2025/06/04/0006031046_001_20250604151707574.jpg?type=w860,https://imgnews.pstatic.net/image/018/2025/06/04/0006031046_002_20250604151707584.jpg?type=w860",https://n.news.naver.com/mnews/article/018/0006031046,"['디지털', '인쇄', '기반', '소량', '생산', '중심', '시장', '변화', '광주', '스마트', '팩토리', '구축', '이데일리', '이윤정', '기자', '국내', '디지털', '인쇄', '기반', '포장', '전문', '브랜드', '파이', '디지털', '최근', '광주', '도척면', '스마트', '팩토리', '구축', '디지털', '포장', '제조', '역량', '강화', '일', '파이', '디지털', '포', '장재', '전문', '기업', '주식회사', '씨', '지', '엑스', '제작', '패키지', '브랜드', '스마트', '팩토리', '디지털', '인쇄', '전용', '설비', '합', '지', '가공', '물류', '시스템', '원', '스톱', '제작', '공정', '보유', '다품종', '소량', '생산', '최적', '생산', '환경', '구현', '기존', '포장', '업계', '수', '장', '단위', '대량', '주문', '제작', '자체', '구조', '파이', '디지털', '최소', '장', '시작', '소량', '생산', '시스템', '운영', '소상', '공인', '브랜드', '스타트', '업', '등', '초기', '브랜드', '진입', '장벽', '파이', '디지털', '관계자', '포장', '인쇄', '디지털', '방식', '전환', '시장', '생존', '시대', '파이', '디지털', '인쇄', '브랜드', '파트너', '품질', '패키지', '제작', '수', '것', '목표', '설명', '파이', '디지털', '알루미늄', '나일론', '등', '원단', '지속', '친환경', '소재', '옵션', '제공', '유광', '무광', '투명', '창', '지퍼', '등', '후', '가공', '옵션', '지원', '브랜드', '정체성', '용도', '맞춤', '포장', '구현', '수', '디지털', '환경', '제공', '전문가', '상담', '등', '초기', '브랜드', '접근', '수', '서비스', '체계', '온라인', '맞춤', '제작', '주문', '솔루션', '구축', '주문', '방식', '디지털', '시대', '혁신', '개선', '파이', '디지털', '온라인', '맞춤', '제작', '주문', '솔루션', '고객', '주문', '뿐', '생산', '관리', '필요', '공정', '데이터', '전산', '관리', '수', '개발', '다품종', '소량', '생산', '니즈', '신속', '체계', '생산', '관리', '수', '소량', '납기', '품질', '가지', '축', '기반', '디지털', '포장', '제조', '표준화', '목표', '포부', '파이', '디지털', '앞으로', '스마트', '팩토리', '기반', '친환경', '소재', '적용', '확대', '자동화', '공정', '고도', '글로벌', '브랜드', '협업', '등', '프로젝트', '디지털', '포장', '산업', '기준', '계획']",-1,"['경제-금융_재테크', '경제-부동산', '정치-청와대', '정치-행정_자치', '정치-국회_정당', '정치-선거', '지역-강원', '경제-경제일반', '국제-중국', '국제-미국_북미', '경제-유통', '사회-사건_사고', '경제-취업_창업', '사회-사회일반', '지역-경기', '지역-제주', '지역-대구', '사회-노동_복지', '지역-충남', '지역-광주', '지역-전북', 'IT_과학-콘텐츠', '지역-충북', '지역-대전', '정치-정치일반', '지역-울산', '경제-증권_증시', 'IT_과학-모바일', '지역-경남', '지역-부산', '사회-교육_시험', '지역-전남', '경제-자동차', '사회-여성', '경제-산업_기업', 'IT_과학-인터넷_SNS', 'IT_과학-과학', 'IT_과학-보안', '문화-출판', '사회-환경', '정치-북한', '경제-반도체', '경제-무역', '국제-러시아', '문화-학술_문화재', '국제-국제일반', '문화-생활', '국제-유럽_EU', '경제-서비스_쇼핑', '문화-미술_건축', '지역-지역일반', '경제-국제경제', '문화-문화일반', '문화-전시_공연', '국제-일본', '사회-장애인', '문화-음악', '문화-요리_여행', '경제-외환', '사회-의료_건강', 'IT_과학-IT_과학일반', '경제-자원', '스포츠-스포츠일반', '스포츠-축구-한국프로축구', '스포츠-축구', '스포츠-올림픽_아시안게임', '스포츠-야구-일본프로야구']"
중기/벤처,"두산에너빌리티, 한국남동발전과 수소전소 터빈 활성화 ‘맞손’","“수소경제 활성화·무탄소 전원 확대 기여할 것”



4일 경남 창원시 두산에너빌리티 본사에서 열린 ‘국내 기술 기반 차세대 친환경 수소전소 터빈 활성화를 위한 업무협약(MOU)’ 체결식에서 강기윤(왼쪽) 한국남동발전 사장과 정연인(오른쪽) 두산에너빌리티 부회장이 기념촬영을 하고 있다. 두산에너빌리티 제공.두산에너빌리티는 한국남동발전과 ‘국내 기술 기반 차세대 친환경 수소 전소(수소 100% 사용) 터빈 활성화를 위한 업무협약(MOU)’을 체결했다고 4일 밝혔다.이번 협약은 정부의 탄소중립 목표 달성과 수소경제 활성화 정책에 부응해 무탄소 전원 확대를 위한 청정수소 발전 생태계를 조성하자는 취지에서 이뤄졌다.남동발전은 청정에너지를 활용한 수소 전소 발전 사업의 추진과 운영에 협력하기로 했으며 두산에너빌리티는 최신 기술을 적용한 경쟁력 있는 수소 전소 터빈을 개발하고 설비를 공급할 계획이다.남동발전은 두산에너빌리티가 주관하는 중형 수소 전소 터빈 국책과제에 기획 단계부터 공동 참여해 국산 수소 터빈 개발을 실증·상용화 단계로 이끌고 있다. 또 탄소중립 실현과 경남지역 경제 활성화를 목표로 기존 석탄발전소 부지에 수소 터빈을 활용한 무탄소 전력 공급을 검토 중이다.정연인 두산에너빌리티 부회장은 “국내 수소 전소 터빈 산업이 국내 발전사들의 현실적인 수요 기반 위에서 성장의 탄력을 받고 있다”며 “글로벌 가스터빈 제작사들의 수소 터빈 개발 가속화 흐름 속에서 남동발전의 수소 발전사업 초기 참여는 한국형 수소터빈이 글로벌 시장으로 나아가는 동력이 될 것”이라고 말했다.",https://imgnews.pstatic.net/image/021/2025/06/04/0002714036_002_20250604151413014.jpg?type=w860,https://n.news.naver.com/mnews/article/021/0002714036,"['수소', '경제', '활성', '탄소', '전원', '확대', '기여', '것', '일', '경남', '창원시', '두산', '너비', '리', '티', '본사', '국내', '기술', '기반', '차세대', '친환경', '수', '소전', '소', '터빈', '활성', '업무', '협약', '체결', '식', '강기윤', '왼쪽', '한국남동발전', '사장', '정', '연인', '오른쪽', '두산', '너비', '리', '티', '부회장', '기념', '촬영', '두산', '너비', '리', '티', '제공', '두산', '너비', '리', '티', '한국남동발전', '국내', '기술', '기반', '차세대', '친환경', '수소', '소', '수소', '사용', '터빈', '활성', '업무', '협약', '체결', '일', '이번', '협약', '정부', '탄소', '중립', '목표', '달성', '수소', '경제', '활성', '정책', '부응', '탄소', '전원', '확대', '청정', '수소', '발전', '생태계', '조성', '취지', '남동', '발전', '청정에너지', '활용', '수소', '소', '발전', '사업', '추진', '운영', '협력', '두산', '너비', '리', '티', '최신', '기술', '적용', '경쟁력', '수소', '소', '터빈', '개발', '설비', '공급', '계획', '남동', '발전', '두산', '너비', '리', '티', '주관', '중형', '수소', '소', '터빈', '국책', '과제', '기획', '단계', '공동', '참여', '국산', '수소', '터빈', '개발', '실증', '상용', '단계', '탄소', '중립', '실현', '경남', '지역', '경제', '활성', '목표', '기존', '석탄', '발전소', '부지', '수소', '터빈', '활용', '탄소', '전력', '공급', '검토', '중', '정연', '두산', '너비', '리', '티', '부회장', '국내', '수소', '소', '터빈', '산업', '국내', '발전', '사', '현실', '수요', '기반', '위', '성장', '탄력', '있다', '글로벌', '가스', '터빈', '제작사', '수소', '터빈', '개발', '가속', '흐름', '속', '남동', '발전', '수소', '발전', '사업', '초기', '참여', '한국', '형', '수소', '터빈', '글로벌', '시장', '동력', '것', '말']",-1,"['경제-금융_재테크', '경제-부동산', '정치-청와대', '정치-행정_자치', '정치-국회_정당', '정치-선거', '지역-강원', '경제-경제일반', '국제-중국', '국제-미국_북미', '경제-유통', '경제-취업_창업', '사회-사회일반', '지역-경기', '지역-제주', '지역-대구', '사회-노동_복지', '지역-충남', '지역-광주', '지역-전북', 'IT_과학-콘텐츠', '국제-아시아', '지역-충북', '지역-대전', '정치-정치일반', '지역-울산', '경제-증권_증시', 'IT_과학-모바일', '지역-경남', '지역-부산', '사회-교육_시험', '지역-전남', '경제-자동차', '사회-여성', '경제-산업_기업', 'IT_과학-인터넷_SNS', 'IT_과학-과학', 'IT_과학-보안', '문화-출판', '사회-환경', '사회-미디어', '정치-북한', '경제-반도체', '경제-무역', '국제-러시아', '문화-학술_문화재', '국제-국제일반', '문화-생활', '국제-유럽_EU', '경제-서비스_쇼핑', '문화-미술_건축', '지역-지역일반', '경제-국제경제', '지역-경북', '스포츠-골프', '국제-중남미', '문화-문화일반', '국제-중동_아프리카', '문화-종교', '문화-전시_공연', '국제-일본', '문화-요리_여행', '경제-외환', '사회-의료_건강', 'IT_과학-IT_과학일반', '경제-자원', '정치-외교', '스포츠-스포츠일반', '스포츠-축구', '스포츠-올림픽_아시안게임', '스포츠-야구-일본프로야구']"
중기/벤처,"쿠팡·삼성전자 출신 CTO 영입 부릉, 'AI 네이티브' 승부수","[C레벨 영입][스타트업에 대한 보다 다양한 기업정보는 유니콘팩토리 빅데이터 플랫폼 '데이터랩'에서 볼 수 있습니다.]



장수백 부릉 최고기술책임자(CTO) /사진=부릉 제공배달대행 플랫폼 부릉이 기술 중심 기업으로의 전환에 속도를 내고 있다. 단순한 물류·배달 서비스를 넘어 AI(인공지능)를 핵심 역량으로 삼는 'AI 네이티브(Native)' 기업으로 거듭나기 위한 전사적 혁신을 추진 중이다. 이는 배달대행 플랫폼 시장의 위기와도 맞닿아 있다. 경쟁사인 바로고가 구조조정, 만나코퍼레이션은 지급불능 상태로 인해 회생 절차에 돌입하는 등 업계 주요 기업들도 휘청이는 상황에서 기술을 통한 물류와 경영 효율화는 생존을 좌우하는 핵심 요소이기 때문이다. 4일 관련업계에 따르면 부릉은 최근 쿠팡 최고정보책임자(CIO), 요기요 최고기술책임자(CTO), 삼성전자 모바일사업부 상무(Corporate VP)를 지낸 장수백 CTO를 새롭게 영입했다. 그는 국내 스타트업 생태계에 몸담기 전에는 미국 서던 커네티컷 스테이트 대학과 대학원에서 컴퓨터공학을 전공하고 IBM에서 17년간 근무했다. AWS(아마존웹서비스), GCP(구글 클라우드 플랫폼) 등 클라우드 기반 인프라 설계·운영은 물론 70건 이상의 글로벌 특허를 보유한 기술 전문가다. 부릉은 장 CTO의 합류를 계기로 플랫폼 아키텍처 전환, 서비스 확장, 운영 최적화 등 전반적인 기술 전략의 고도화에 박차를 가할 계획이다. 장 CTO는 ""부릉이 갖고 있는 현장성과 데이터를 기반으로 차별화된 AI 역량을 구현하겠다""고 말했다. 부릉은 올해부터 프로덕트와 엔지니어링 조직을 챕터·스쿼드 구조로 바꾸며 테크 역량 강화에 중점을 두고 조직 체계도 개편했다. 기존 기능 중심 조직은 챕터로 유지하면서 공동 목표를 지닌 목적 기반 조직은 스쿼드 단위로 운영해 민첩한 실행력을 확보한 것이 핵심이다.부릉 관계자는 ""이러한 변화는 전략적 목표를 더욱 빠르고 유연하게 달성하기 위한 것""이라며 ""실리콘밸리 등 글로벌 IT 기업들이 채택하고 있는 애자일(Agile) 방식에서 영감을 받았다. 보다 사용자 중심적이고 빠르게 변화하는 시장에 적응할 수 있는 체계를 갖추게 됐다""고 했다. ━데이터 레이크하우스 구축, 업무 전반에 폭넓게 AI 활용━



/사진=부릉 제공부릉의 성장 전략 핵심에는 AI가 있다. 단순히 AI 기술을 일부 업무에 도입하는 수준이 아닌 기획 단계부터 설계·운영 전반, 물류 최적화와 고객 응대에 이르기까지 AI를 중심에 두는 AI 네이티브 전략이다. AI 중심 운영의 핵심 기반을 데이터로 보고, 이를 체계적으로 수집·활용할 수 있도록 기존 시스템보다 고도화된 데이터 레이크하우스(Data Lakehouse)를 구축 중이다. 장 CTO는 ""레이크하우스를 통해 필요한 데이터를 더욱 빠르고 정량적으로 분석할 수 있게 될 것""이라며 ""이는 사업 기회 분석과 의사결정을 훨씬 더 편리하고 정확하게 만들어 줄 것""이라고 설명했다. 축적된 데이터는 기계학습 기반의 배차 시스템 최적화 등 고객과 라이더를 위한 서비스 개선에 폭넓게 활용된다. 아울러 모든 직원이 복잡한 데이터 접근 과정 없이 자연어 기반의 생성형 AI를 통해 필요한 정보를 쉽게 활용할 수 있도록 시스템을 고도화하고 있다. 부릉은 AI를 통해 임직원들의 업무 생산성을 약 20% 높이겠다는 목표치를 설정했다. 반복적이고 비효율적인 업무를 자동화하는 한편, 의사결정과 서비스 운영 고도화에 AI를 적극 활용한다는 방침이다. 이와 관련, 지난 3월 투자 한파를 뚫고 300억원 규모의 신규 투자를 유치하며 AI 네이티브 전략을 구체화할 수 있는 실탄도 마련한 상태다. 급변하는 시장 환경 속에서 차별화된 기술 경쟁력을 확보해 AI와 데이터 중심의 고효율 배달 플랫폼으로 입지를 다진다는 목표다. 장 CTO는 ""올해 안에 AI 네이티브 전환 기반을 확고히 구축하고 내년부터는 고도화된 AI 기반 업무 환경을 바탕으로 더욱 빠르고 효율적인 성장을 이뤄 가겠다. 회사의 다양한 업무에 AI 도입이 이뤄질 것이며 임직원들의 AI 활용 역량도 함께 높아질 것""이라고 했다. [머니투데이 스타트업 미디어 플랫폼 '유니콘팩토리']","https://imgnews.pstatic.net/image/008/2025/06/04/0005203407_001_20250604150016936.jpg?type=w860,https://imgnews.pstatic.net/image/008/2025/06/04/0005203407_002_20250604150016957.jpg?type=w860",https://n.news.naver.com/mnews/article/008/0005203407,"['레벨', '영입', '스타트', '업', '기업', '정보', '유니콘', '팩토리', '빅', '데이터', '플랫폼', '데이터', '랩', '수', '장수', '백', '릉', '최고기술책임자', '사진', '릉', '제공', '배달', '대행', '플랫폼', '릉', '기술', '중심', '기업', '전환', '속도', '물류', '배달', '서비스', '인공지능', '핵심 역량', '기업', '사적', '혁신', '추진', '중', '배달', '대행', '플랫폼', '시장', '위기', '경쟁사', '바로', '고가', '구조조정', '만나', '코퍼레이션', '지급', '불능', '상태', '인해', '회생', '절차', '돌입', '등', '업계', '기업', '상황', '기술', '물류', '경영', '효율', '생존', '좌우', '핵심', '요소', '때문', '일', '관련', '업계', '릉', '최근', '쿠팡', '최고', '정보', '책임자', '최고기술책임자', '삼성전자', '모바일', '사업부', '상무', '장수', '백', '영입', '국내', '스타트', '업', '생태계', '전', '미국', '티', '컷', '스테이트', '대학', '대학원', '컴퓨터공학', '전공', '17년', '간', '근무', '아마존', '웹', '서비스', '구글', '클라우드', '플랫폼', '등', '클라우드', '기반', '인프라', '설계', '운영', '건', '이상', '글로벌', '특허', '보유', '기술', '전문가', '릉', '장', '합류', '계기', '플랫폼', '전환', '서비스', '확장', '운영', '최적화', '등', '전반', '기술', '전략', '고도', '박차', '계획', '장', '릉', '현장', '데이터', '기반', '차별', '역량', '구현', '말', '릉', '올해', '프로', '덕', '엔지니어링', '조직', '구조', '테크', '역량', '강화', '중점', '조직', '체계', '개편', '기존', '기능', '중심', '조직', '유지', '공동', '목표', '목적', '기반', '조직', '단위', '운영', '실행력', '확보', '것', '핵심', '릉', '관계자', '변화', '전략', '목표', '달성', '것', '실리콘밸리', '등', '글로벌', '기업', '채택', '애자', '일', '방식', '영감', '사용자', '중심', '변화', '시장', '적응', '수', '체계', '데이터', '레이크', '하우스', '구축', '업무', '전반', '활용', '사진', '릉', '공부', '릉', '성장', '전략', '핵심', '기술', '일부', '업무', '도입', '수준', '기획', '단계', '설계', '운영', '전반', '물류', '최적화', '고객', '응대', '중심', '전략', '중심', '운영', '핵심', '기반', '데이터', '체계', '수집', '활용', '수', '기존', '시스템', '고도', '데이터', '레이크', '하우스', '구축', '중', '장', '레이크', '하우스', '필요', '데이터', '정량', '분석', '수', '것', '사업', '기회', '분석', '의사', '결정', '편리', '것', '설명', '축적', '데이터', '기계', '학습', '기반', '배', '차', '시스템', '최적화', '등', '고객', '라이', '더', '서비스', '개선', '활용', '직원', '데이터', '접근', '과정', '자연어', '기반', '생성', '필요', '정보', '활용', '수', '시스템', '고도', '릉', '임직원', '업무', '생산성', '목표', '설정', '반복', '효율', '업무', '자동화', '한편', '의사', '결정', '서비스', '운영', '고도', '적극', '활용', '방침', '관련', '3월', '투자', '한파', '원', '규모', '신규', '투자', '전략', '구체', '수', '실탄', '마련', '상태', '급변', '시장', '환경', '속', '차별', '기술', '경쟁력', '확보', '데이터', '중심', '효율', '배달', '플랫폼', '입지', '목표', '장', '올해', '안', '전환', '기반', '구축', '내년', '고도', '기반', '업무', '환경', '바탕', '효율', '성장', '회사', '업무', '도입', '것', '임직원', '활용', '역량', '것', '머니투데이', '스타트', '업', '미디어', '플랫폼', '유니콘', '팩토리']",-1,"['경제-금융_재테크', '경제-부동산', '정치-청와대', '정치-행정_자치', '정치-국회_정당', '정치-선거', '지역-강원', '경제-경제일반', '국제-중국', '국제-미국_북미', '경제-유통', '사회-사건_사고', '경제-취업_창업', '사회-사회일반', '지역-경기', '지역-제주', '지역-대구', '사회-노동_복지', '지역-충남', '지역-광주', '지역-전북', 'IT_과학-콘텐츠', '국제-아시아', '지역-충북', '지역-대전', '정치-정치일반', '문화-방송_연예', '지역-울산', '경제-증권_증시', 'IT_과학-모바일', '지역-경남', '지역-부산', '사회-교육_시험', '지역-전남', '경제-자동차', '사회-여성', '경제-산업_기업', 'IT_과학-인터넷_SNS', 'IT_과학-과학', 'IT_과학-보안', '사회-환경', '사회-미디어', '정치-북한', '경제-반도체', '경제-무역', '국제-러시아', '국제-국제일반', '문화-생활', '국제-유럽_EU', '경제-서비스_쇼핑', '문화-미술_건축', '지역-지역일반', '경제-국제경제', '지역-경북', '스포츠-골프', '국제-중남미', '문화-문화일반', '국제-중동_아프리카', '문화-전시_공연', '국제-일본', '문화-영화', '문화-요리_여행', '경제-외환', '사회-의료_건강', 'IT_과학-IT_과학일반', '경제-자원', '정치-외교', '스포츠-스포츠일반', '스포츠-농구_배구', '스포츠-축구-한국프로축구', '스포츠-축구', '스포츠-월드컵', '스포츠-올림픽_아시안게임', '스포츠-야구-일본프로야구']"
부동산,"HDC현대산업개발 ""용산의 코엑스·IFC 만들겠다""","HDC현대산업개발이 용산정비창 전면1구역에 파크하얏트 호텔을 유치한다. /사진=HDC현대산업개발 HDC현대산업개발이 서울 용산정비창 전면 제1구역 재개발사업을 수주하면 '파크하얏트'(Park Hyatt) 호텔을 유치하겠다고 4일 밝혔다.HDC현대산업개발은 용산정비창 전면 제1구역에 '글로벌 비즈니스 도시'의 국제 업무·상업·숙박이 연결된 프리미엄 복합 시설을 조성하겠다고 설명했다.파크 하얏트 호텔 유치를 통한 수혜는 고급 비즈니스 수요의 유입이다. 국제회의와 포럼은 물론, 글로벌 기업의 VIP 접견, 하이엔드 고객 숙박, 문화예술 이벤트 등 다양한 수요가 용산으로 유입될 수 있다.보안·교통·통신 등 고급 인프라를 갖춘 업무 환경 조성이 가능해지며 글로벌 금융사, 로펌, 외국계 기업의 선호도가 상승할 전망이다.



 사진은 파크하얏트 호텔 유치 관련 예상 모습.  /사진=HDC현대산업개발 상업시설 부문에서 6성급 호텔 입지 프리미엄이 유인 요소로 작용한다. 명품 리테일, 파인다이닝, 글로벌 뷰티와 라이프스타일 브랜드 등 소비 콘텐츠 유치를 가속할 수 있다.호텔 방문객과 업무·주거 수요가 동시에 유입되는 고정 수요를 확보함으로써 상업시설의 안정성과 가치도 크게 높아진다. 이 같은 복합개발 전략은 성공 사례가 많다.강남 삼성동의 코엑스 인터컨티넨탈·파르나스호텔은 호텔과 오피스, 리테일, 전시장과의 시너지를 통해 지역 비즈니스·관광 기능을 강화했다. 여의도 IFC몰의 콘래드호텔도 글로벌 금융기업 유치와 고급 상업시설 활성화에 기여했다는 평가다.HDC현대산업개발 관계자는 ""파크하얏트 호텔 유치를 중심축으로 '호텔+오피스+상업시설'이 만들어 내는 삼각 시너지를 용산정비창에서 구현할 계획""이라고 말했다.","https://imgnews.pstatic.net/image/417/2025/06/04/0001081176_001_20250604152708075.jpg?type=w860,https://imgnews.pstatic.net/image/417/2025/06/04/0001081176_002_20250604152708159.jpg?type=w860",https://n.news.naver.com/mnews/article/417/0001081176,"['현대산업개발', '용산정', '비창', '전면', '구역', '파크', '하얏트', '호텔', '사진', '현대산업개발', '현대산업개발', '서울', '용산정', '비창', '전면', '구역', '개발', '사업', '수주', '파크', '하얏트', '호텔', '유치', '일', '현대산업개발', '용산정', '비창', '전면', '구역', '글로벌', '비즈니스', '도시', '국제', '업무', '상업', '숙박', '연결', '프리미엄', '복합', '시설', '조성', '설명', '파크', '하얏트', '호텔', '유치', '수혜', '고급', '비즈니스', '수요', '유입', '국제회의', '포럼', '글로벌', '기업', '접견', '하이', '엔드', '고객', '숙박', '문화예술', '이벤트', '등', '수요', '용산', '유입', '수', '보안', '교통', '통신', '등', '고급', '인프라', '업무', '환경', '조성', '글로벌', '금융사', '로펌', '외국', '기업', '선호도', '상승', '전망', '사진', '파크', '하얏트', '호텔', '유치', '관련', '예상', '모습', '사진', '현대산업개발', '상업시설', '부문', '성급', '호텔', '프리미엄', '유인', '요소', '작용', '명품', '리테일', '다', '이닝', '글로벌', '뷰티', '라이프', '스타일', '브랜드', '등', '소비', '콘텐츠', '유치', '가속', '수', '호텔', '방문객', '업무', '주거', '수요', '동시', '유입', '고정', '수요', '확보', '상업시설', '안정', '가치', '복합', '개발', '전략', '성공', '사례', '강남', '삼성동', '코엑스', '인', '터', '컨티넨탈', '파', '르', '나스', '호텔', '호텔', '오피스', '리테일', '전시', '장과', '시너지', '지역', '비즈니스', '관광', '기능', '강화', '여의도', '몰', '콘래드', '호텔', '글로벌', '금융', '기업', '유치', '고급', '상업시설', '활성', '기여', '평가', '현대산업개발', '관계자', '파크', '하얏트', '호텔', '유치', '중심축', '호텔', '오피스', '상업시설', '삼각', '시너지', '용산정', '비창', '구현', '계획', '말']",-1,"['경제-금융_재테크', '경제-부동산', '정치-청와대', '정치-행정_자치', '정치-국회_정당', '정치-선거', '지역-강원', '경제-경제일반', '국제-중국', '경제-유통', '사회-사건_사고', '경제-취업_창업', '사회-사회일반', '지역-경기', '지역-제주', '지역-대구', '사회-노동_복지', '지역-충남', '지역-광주', '지역-전북', 'IT_과학-콘텐츠', '지역-충북', '지역-대전', '정치-정치일반', '문화-방송_연예', '지역-울산', '경제-증권_증시', 'IT_과학-모바일', '지역-경남', '지역-부산', '사회-교육_시험', '지역-전남', '경제-자동차', '사회-여성', '경제-산업_기업', 'IT_과학-인터넷_SNS', 'IT_과학-과학', 'IT_과학-보안', '문화-출판', '사회-환경', '사회-미디어', '경제-반도체', '경제-무역', '국제-러시아', '문화-학술_문화재', '국제-국제일반', '문화-생활', '경제-서비스_쇼핑', '문화-미술_건축', '지역-지역일반', '경제-국제경제', '지역-경북', '스포츠-골프', '국제-중남미', '문화-문화일반', '국제-중동_아프리카', '문화-종교', '문화-전시_공연', '국제-일본', '사회-장애인', '문화-음악', '문화-요리_여행', '경제-외환', '사회-의료_건강', 'IT_과학-IT_과학일반', '경제-자원', '스포츠-스포츠일반', '스포츠-농구_배구', '스포츠-축구-한국프로축구', '스포츠-축구', '스포츠-올림픽_아시안게임', '스포츠-야구']"
부동산,[이재명 시대]재건축 빨라지게 한다는데 '재초환'은요?,"주택공급 신속인허가제도 도입 약속사업기간 단축해 사업비 절감, 분양가 인하 견인""급등한 공사비가 문제, 재초환은 영향 적어""재건축·재개발 사업 절차를 간소화하고 용적률 상향 혜택도 부여하겠다고 공약한 이재명 대통령의 5년 임기가 시작됐다. 이 대통령이 규제 강화보다 공급 확대에 무게를 둔 만큼 정비사업 활성화에 대한 기대가 나온다.다만 이 대통령은 낙선한 김문수 국민의힘 후보가 재건축초과이익환수제(재초환)를 폐지하겠다고 약속했던 것과 달리 이에 대해 별다른 언급을 하지 않았다. 재초환이 시행된다면 정비사업 조합원의 부담이 커질 수 있다. 이 때문에 재건축 활성화나 ""세금으로 집값 잡지 않겠다""는 공약과 부딪히는 것 아니냐는 지적도 나온다.



4일 서울 국회 로텐더홀에서 이재명 제21대 대통령 취임식이 개최되고 있다./사진=이명근 기자 qwe123@이 대통령은 대선 과정에서 초고가 아파트의 가격 상승은 억제하고 중산층과 저소득층 주택 공급은 확대하겠다는 주거 정책을 공약으로 내걸었다. 특히 고분양가 문제 해소를 위해 주택공급 신속인허가 제도를 도입하겠다는 게 이 대통령의 구상이다. 인허가 기간 단축으로 사업비를 절감하고 분양가 인하로까지 이끌겠다는 것이다.재건축 사업을 늦추는 공사비 분쟁과 관련해 이를 해소하는 방안도 약속했다. 도시분쟁조정위원회 심사 대상에 공사비 분쟁 조정을 포함하도록 하겠다는 것이다.재개발과 재건축 절차 및 용적률·건폐율 완화도 추진한다. 사업성을 높여 정비사업을 활성화하고 이를 통해 공급을 늘리겠다는 취지다. 단 공공성 강화 원칙을 전제 조건으로 달았다.다만 다수의 재건축 조합이 요구하는 재초환의 폐지는 받아들여지지 않을 것으로 예상된다. 지난달 '재건축초과이익 환수제 폐지 요청에 관한 청원'이라는 제목의 국민동의 청원에 5만명이 동의하기도 했다.▷관련기사: 대통령 파면됐는데 '재초환 폐지'는요?(2025년4월6일)청원인은 ""과도한 부담금으로 전국 재건축 사업이 위축한다""면서 ""재초환은 주택가격 안정과 사회적 형평을 도모하고자 하는 취지와 달리 조합원에게 과도하고 불명확한 산정 기준으로  분담금을 부과하는 역차별법""이라고 지적했다.재초환은 재건축으로 조합원이 얻은 이익이 1인당 8000만원을 넘으면 초과 금액의 최대 50%를 부담금으로 환수하는 제도다. 재초환은 2006년 처음 시행 당시 초과이익 기준이 3000만원이었으나 윤석열 정부는 이 기준을 지난해 3월 8000만원으로 완화한 개정안을 시행했다. 당시 여당인 국민의힘은 이후 재초환 폐지법까지 발의했다. 그러나 민주당은 재초환 폐지를 반대했고 법안은 표류했다.



/사진=이명근 기자 qwe123@민주당이 집권하면서 재초환은 시행될 것으로 보이지만 정비사업에 큰 영향은 없을 것이라는 목소리도 나온다.윤지해 부동산R114 프롭테크리서치랩 랩장은 ""당장 재건축 사업 추진 단계에서 직접적으로 부담이 되는 부분은 공사비""라면서 ""재초환은 초과 이익 기준을 충족하고 난 뒤에야 비용이 발생하는 구조다. 재건축 추진 여부를 결정할 때 결정적인 요소는 아니다""라고 말했다.이어 ""무엇보다 재초환 폐지를 논의하기에는 이르다""며 ""개정안을 시행한 지도 얼마 되지 않았다""고 덧붙였다.","https://imgnews.pstatic.net/image/648/2025/06/04/0000036743_001_20250604151614060.jpg?type=w860,https://imgnews.pstatic.net/image/648/2025/06/04/0000036743_002_20250604151614165.jpg?type=w860",https://n.news.naver.com/mnews/article/648/0000036743,"['주택', '공급', '신속', '허가', '제도', '도입', '약속', '사업', '기간', '단축', '사업비', '절감', '분', '양가', '인하', '견인', '급등', '공사비', '문제', '재초', '환은', '영향', '재건축', '개발', '사업', '절차', '용적률', '상향', '혜택', '부여', '공약', '이재명', '대통령', '년', '임기', '시작', '대통령', '규제', '강화', '공급', '확대', '무게', '만큼', '정비', '사업', '활성', '기대', '대통령', '낙선', '김문수', '국민', '힘', '후보', '재건축', '초과', '이익환', '수', '재초', '환', '폐지', '약속', '것', '언급', '재초', '환', '시행', '정비', '사업', '조합원', '부담', '수', '때문', '에', '재건축', '활성', '화나', '세금', '집값', '잡지', '것', '일', '서울', '국회', '로', '텐', '더', '홀', '이재명', '대', '대통령', '취임식', '개최', '사진', '이', '명근', '기자', '이', '대통령', '대선', '과정', '초고', '아파트', '가격', '상승', '억제', '중산층', '소득', '주택', '공급', '확대', '주거', '정책', '공약', '고분', '양가', '문제', '해소', '주택', '공급', '신속', '허가', '제도', '도입', '게', '대통령', '구상', '인허가', '기간', '단축', '사업비', '절감', '분', '양가', '인하', '것', '재건축', '사업', '공사비', '분쟁', '관련', '방안', '약속', '도시', '분쟁', '조정', '위원회', '심사', '대상', '공사비', '분쟁', '조정', '포함', '것', '개발', '재건축', '절차', '용적률', '건폐율', '완화', '추진', '사업', '정비', '사업', '활성', '공급', '취지', '공공', '강화', '원칙', '전제', '조건', '다수', '재건축', '조합', '요구', '재초', '환', '폐지', '것', '예상', '지난달', '재건축', '초과', '이익', '환수', '폐지', '요청', '청원', '제목', '국민', '동의', '청원', '명', '동의', '관련', '기사', '대통령', '파면', '재초', '폐지', '2025년', '4월', '일', '청원', '은', '과도', '부담금', '전국', '재건축', '사업', '위축', '재초', '환은', '주택', '가격', '안정', '사회', '형평', '도모', '취지', '조합원', '과도', '산정', '기준', '분담금', '부과', '역차별', '법', '지적', '재초', '환은', '재건축', '조합원', '이익', '인당', '만원', '초과', '금액', '최대', '부담금', '환수', '도다', '재초', '환은', '년', '처음', '시행', '당시', '초과', '이익', '기준', '원', '윤석열', '정부', '기준', '지난해', '3월', '만원', '완화', '개정안', '시행', '당시', '여당', '국민', '힘', '이후', '재초', '폐지', '법', '발의', '민주당', '재초', '폐지', '반대', '법안', '표류', '사진', '이', '명근', '기자', '민주당', '집권', '재초', '환은', '시행', '것', '정비', '사업', '영향', '것', '목소리', '윤', '지', '부동산', '114', '랩', '장', '당장', '재건축', '사업', '추진', '단계', '직접', '부담', '부분', '공사비', '재초', '환은', '초과', '이익', '기준', '충족', '뒤', '비용', '발생', '구조', '재건축', '추진', '여부', '결정', '때', '결정', '요소', '라고', '말', '재초', '폐지', '논의', '개정안', '시행', '지도', '얼마']",-1,"['경제-금융_재테크', '경제-부동산', '정치-청와대', '정치-행정_자치', '정치-국회_정당', '정치-선거', '지역-강원', '경제-경제일반', '국제-중국', '국제-미국_북미', '경제-유통', '사회-사건_사고', '경제-취업_창업', '사회-사회일반', '지역-경기', '지역-제주', '지역-대구', '사회-노동_복지', '지역-충남', '지역-광주', '지역-전북', 'IT_과학-콘텐츠', '국제-아시아', '지역-충북', '지역-대전', '정치-정치일반', '문화-방송_연예', '지역-울산', '경제-증권_증시', 'IT_과학-모바일', '지역-경남', '지역-부산', '사회-교육_시험', '지역-전남', '경제-자동차', '사회-여성', '경제-산업_기업', 'IT_과학-인터넷_SNS', 'IT_과학-과학', 'IT_과학-보안', '문화-출판', '사회-환경', '사회-미디어', '정치-북한', '경제-반도체', '경제-무역', '국제-러시아', '문화-학술_문화재', '국제-국제일반', '문화-생활', '국제-유럽_EU', '경제-서비스_쇼핑', '문화-미술_건축', '지역-지역일반', '경제-국제경제', '지역-경북', '스포츠-골프', '국제-중남미', '문화-문화일반', '국제-중동_아프리카', '문화-종교', '문화-전시_공연', '국제-일본', '사회-장애인', '문화-영화', '문화-음악', '문화-요리_여행', '경제-외환', '사회-의료_건강', 'IT_과학-IT_과학일반', '경제-자원', '정치-외교', '스포츠-스포츠일반', '스포츠-농구_배구', '스포츠-축구-한국프로축구', '스포츠-축구', '스포츠-월드컵', '스포츠-올림픽_아시안게임', '스포츠-야구-일본프로야구', '스포츠-야구-메이저리그']"
글로벌 경제,"에너지엑스, 카타르서 전략 파트너십…GCC 탄소중립 인프라 구축","카타르 왕족 만수르 셰이크 세운 'MBK글로벌'과 협력스마트시티와 제로에너지 빌딩 확산에 양사 맞손카타르 넘어 GCC 전반으로 에너지 인프라 혁신[이데일리 마켓in 박소영 기자] 걸프협력회의(GCC) 국가들이 에너지 전환에 있어 글로벌 선도국으로 도약한다는 목표를 세우면서 국내 기술과 협력하는 사례가 탄생했다. 국내 벤처기업 에너지엑스는 카타르 도하에서 열린 ‘2025 카타르 경제포럼’에서 카타르 MBK글로벌과 걸프협력회의(GCC) 지역의 지속가능 인프라 구축을 위한 전략적 파트너십을 체결했다고 4일 밝혔다.



(왼쪽부터) 쟌 잭스 댄드리옥스 에너지엑스 카타르 대표, 만수르 빈 칼리파 알타니 셰이크 MBK글로벌 회장, 박성현 에너지엑스 대표가 ‘2025 카타르 경제포럼’에서 파트너십을 체결하고 있다.MBK글로벌은 카타르의 왕족 만수르 빈 칼리파 알타니 셰이크(Sheikh Mansoor Bin Khalifa Al-Thani)가 주도하는 글로벌 기술 중심 복합기업이다. 핀테크, 에너지 등 차세대 산업 전반에 걸쳐 자체 기술과 플랫폼을 기반으로 새로운 시장을 창출하고 있다. 산업 간 경계를 허무는 디지털 융합과 혁신적 사업 모델을 통해 중동은 물론 세계 무대에서 존재감을 키워가고 있다.카타르 경제포럼은 현지에서 기후 변화 대응과 지속가능 성장에 대한 글로벌 담론이 집중되는 무대다. 따라서 포럼에서 체결된 이번 파트너십은 단순한 기술 협업이 아닌 명확한 리더십과 실행력을 동반한 장기적 국가전략을 구현하려는 움직임이라고 평가받고 있다.에너지엑스는 이번 협약이 단순한 업무 제휴를 넘어 기후기술 분야의 민관 주도 혁신 모델을 수립한 모범 사례로 평가되고 있다고 설명했다. 에너지엑스는 인공지능(AI) 기반 하드웨어 통합 에너지 최적화 솔루션을 바탕으로 기존 건물과 신축 프로젝트를 에너지 자립형 지속가능 건축물로 전환하는 데 특화된 기술력을 보유하고 있다. 세계 최초로 인증받은 플러스에너지빌딩(에너지자립률 129.5%)인 본사의 ‘DY빌딩’은 이 기술의 실증 사례로 꼽힌다.이번 파트너십 체결을 계기로 에너지엑스가 보유한 AI 기반 에너지 최적화 솔루션은 GCC 지역의 노후 인프라 개선과 미래형 스마트 인프라 건설 프로젝트에 본격 도입될 예정이다. 이는 카타르와 인근 국가가 추진 중인 탄소중립·스마트시티 전략과도 궤를 같이한다. 이외에도 양사는 이번 파트너십 체결을 통해 MBK글로벌의 현지 네트워크를 통한 채널 확보와 정책 연계, 대규모 공공 인프라·스마트시티 중심의 파일럿 사업 기획과 실행을 함께 한다. 양사의 협력 체계를 감독할 합동 운영위원회도 구축한다. 초기 성과에 따라 범지역적 확장 가능성도 거론되고 있다.쟌 잭스 댄드리옥스 에너지엑스 카타르 대표는 “단순한 형식적 파트너십 체결이 아니고 국가전략을 실현하려는 일종의 정부 주도 협력”이라며 “MBK를 뒷받침하는 강력한 현지 정부와 에너지엑스의 기술 리더십 결합으로 중동의 에너지 인프라가 앞으로 완전히 새로운 국면에 진입하게 될 것”이라고 기대감을 나타냈다.MBK글로벌 회장이자 카타르 왕족인 만수르 빈 칼리파 알타니 셰이크는 “비전을 지지하는 데 이어 직접 구현하는 단계에 있다”며 “이번 파트너십 체결은 에너지 최적화의 혁신이자 국가 미래 전략의 핵심 축을 공동으로 구축하는 것”이라고 했다. 그는 이어 “우리는 이 지역의 지속 가능한 미래를 함께 건설하고 있다”며 “혁신을 넘어 우리가 함께 믿는 미래의 가치를 구체화한 것이다”라고 강조했다.",https://imgnews.pstatic.net/image/018/2025/06/04/0006031054_001_20250604152310284.jpg?type=w860,https://n.news.naver.com/mnews/article/018/0006031054,"['카타르', '왕족', '수르', '셰이크', '글로벌', '협력', '스마트', '시티', '제로', '에너지', '빌딩', '확산', '양사', '카타르', '전반', '에너지', '인프라', '혁신', '이데일리', '마켓', '박소영', '기자', '걸프', '협력', '회의', '국가', '에너지', '전환', '글로벌', '선도', '국', '도약', '목표', '국내', '기술', '협력', '사례', '탄생', '국내', '벤처기업', '에너지', '엑스', '카타르', '도하', '카타르', '경제', '포럼', '카타르', '글로벌', '걸프', '협력', '회의', '지역', '지속', '가능', '인프라', '구축', '전략', '파트너십', '체결', '일', '왼쪽', '에너지', '엑스', '카타르', '대표', '수르', '칼리파', '알타', '셰이크', '글로벌', '회장', '박성현', '에너지', '엑스', '대표', '카타르', '경제', '포럼', '파트너십', '체결', '글로벌', '카타르', '왕족', '수르', '칼리파', '알타', '셰이크', '주도', '글로벌', '기술', '중심', '복합', '기업', '핀테크', '에너지', '등', '차세대', '산업', '전반', '자체', '기술', '플랫폼', '기반', '시장', '창출', '산업', '간', '경계', '디지털', '융합', '혁신', '사업', '모델', '중동', '세계', '무대', '존재', '감', '카타르', '경제', '포럼', '현지', '기후 변화', '대응', '지속', '가능', '성장', '글로벌', '담론', '집중', '무대', '포럼', '체결', '이번', '파트너십', '기술', '협업', '리더십', '실행력', '동반', '장기', '국가', '전략', '구현', '움직임', '평가', '에너지', '엑스', '이번', '협약', '업무', '제휴', '기후', '기술', '분야', '민관', '주도', '혁신', '모델', '수립', '모범 사례', '평가', '설명', '에너지', '엑스', '인공지능', '기반', '하드웨어', '통합', '에너지', '최적화', '솔루션', '바탕', '기존', '건물', '신축', '프로젝트', '에너지', '자립', '지속', '가능', '건축물', '전환', '데', '특화', '기술력', '보유', '세계', '최초', '인증', '플러스', '에너지', '빌딩', '에너지', '자립', '본사', '빌딩', '기술', '실증', '사례', '이번', '파트너십', '체결', '계기', '에너지', '엑스', '보유', '기반', '에너지', '최적화', '솔루션', '지역', '노후', '인프라', '개선', '미래', '스마트', '인프라', '건설', '프로젝트', '도입', '예정', '카타르', '인근', '국가', '추진', '중', '탄소', '중립', '스마트', '시티', '전략', '궤', '이외', '양사', '이번', '파트너십', '체결', '글로벌', '현지', '네트워크', '채널', '확보', '정책', '연계', '규모', '공공', '인프라', '스마트', '시티', '중심', '파일럿', '사업', '기획', '실행', '양사', '협력', '체계', '감독', '합동', '운영', '위원회', '구축', '초기', '성과', '지역', '확장', '거론', '에너지', '엑스', '카타르', '대표', '형식', '파트너십', '체결', '국가', '전략', '실현', '일종', '정부', '주도', '협력', '뒷받침', '현지', '정부', '에너지', '엑스', '기술', '리더십', '결합', '중동', '에너지', '인프라', '앞', '국면', '진입', '것', '기대감', '글로벌', '회장', '카타르', '왕족', '수르', '칼리파', '알타', '셰이크', '비전', '지지', '데', '구현', '단계', '있다', '이번', '파트너십', '체결', '에너지', '최적화', '혁신', '이자', '국가', '미래', '전략', '핵심', '축', '공동', '구축', '것', '지역', '지속', '미래', '건설', '있다', '혁신', '미래', '가치', '구체', '것', '이다', '강조']",-1,"['경제-금융_재테크', '경제-부동산', '정치-청와대', '정치-행정_자치', '정치-국회_정당', '정치-선거', '지역-강원', '경제-경제일반', '국제-중국', '국제-미국_북미', '경제-유통', '경제-취업_창업', '사회-사회일반', '지역-경기', '지역-제주', '지역-대구', '사회-노동_복지', '지역-충남', '지역-광주', '지역-전북', 'IT_과학-콘텐츠', '국제-아시아', '지역-충북', '지역-대전', '정치-정치일반', '지역-울산', '경제-증권_증시', 'IT_과학-모바일', '지역-경남', '지역-부산', '사회-교육_시험', '지역-전남', '경제-자동차', '사회-여성', '경제-산업_기업', 'IT_과학-인터넷_SNS', 'IT_과학-과학', 'IT_과학-보안', '문화-출판', '사회-환경', '사회-미디어', '정치-북한', '경제-반도체', '경제-무역', '국제-러시아', '문화-학술_문화재', '국제-국제일반', '문화-생활', '국제-유럽_EU', '경제-서비스_쇼핑', '문화-미술_건축', '지역-지역일반', '경제-국제경제', '지역-경북', '스포츠-골프', '국제-중남미', '문화-문화일반', '국제-중동_아프리카', '문화-종교', '문화-전시_공연', '국제-일본', '문화-영화', '문화-요리_여행', '경제-외환', '사회-의료_건강', 'IT_과학-IT_과학일반', '경제-자원', '정치-외교', '스포츠-스포츠일반', '스포츠-축구-한국프로축구', '스포츠-축구', '스포츠-월드컵', '스포츠-올림픽_아시안게임', '스포츠-야구', '스포츠-야구-일본프로야구']"
글로벌 경제,"트럼프 관세로 드러난 美 제약산업의 민낯…""中의존 심각""","항생제·진통제 원료 80% 이상이 중국산이미 공급망 리스크 심각…“中, 무기화 가능성”관세 실효성 논란…가격 폭등·부족 사태 우려저소득층 타격…“글로벌 협력·지원 병행해야”[이데일리 방성훈 기자] 도널드 트럼프 미국 대통령이 중국산 의약품·원료에 품목별 고율 관세 부과를 예고한 가운데, 미국 제약산업의 ‘중국 의존’ 실태와 공급망 리스크가 재조명되고 있다.



(사진=AFP) 3일(현지시간) CNN방송 등에 따르면 미국에서 가장 많은 처방이 이뤄지는 항생제 ‘아목시실린’ 원료의 80% 이상이 중국산으로 조사됐다. 아울러 하이드로코르티손(항염증제) 96%, 이부프로펜(진통제) 90%, 아세트아미노펜(해열제) 73% 등 대다수 필수 의약품들도 원료 대부분을 중국에 의존한다. 앞서 트럼프 대통령은 “제약사들은 미국 내에서 약을 생산하지 않으면 관세 장벽에 직면할 것”이라며 의약품·원료의 자국 생산(온쇼어링)을 압박하고 있다. 그는 지난 4월 중국산 의약품·원료에 최대 245%의 고율 관세를, 캐나다·멕시코산 의료기기에는 25% 관세를 부과했다.하지만 제약업계와 전문가들은 “관세만으로 미국 내 생산이 늘어나기 어렵다”고 입을 모았다. 제네릭(복제약)은 가격 경쟁이 치열해 관세 부담이 소비자에게 전가될 가능성이 높은 데다, 미국 내 생산 전환에 최소 5년 이상의 시간이 필요하다는 판단에서다. 트럼프 대통령이 퇴임한 이후에나 가능해진다는 얘기다. 이에 따라 미국 내 의약품 가격 상승 우려가 커지고 있다. 전문가들은 “미중 무역전쟁이 격화할 경우 중국이 원료 공급을 무기화할 수 있다”며 “공급망 중단은 미국 내 약가 폭등과 심각한 의약품 부족 사태로 이어질 수 있다”고 한목소리로 경고했다.   미국 제약산업은 이미 필수 의약품 부족과 가격 급등에 시달리고 있다. 업계 조사에 따르면 25% 관세가 부과될 경우 미국 내 수입 의약품 가격이 연간 508억달러(약 70조원) 증가하고, 일부 항암제 등은 24주 처방 기준으로 최대 1만달러(약 1380만원) 이상 가격이 오를 수 있다.특히 제네릭 약값은 브랜드약 대비 85% 저렴해 저소득층과 무보험 환자들이 주로 의존하는데, 관세 인상은 이들의 의료 접근성 악화로 이어질 수 있다는 우려가 크다.이는 중국이 2000년대 이후 정부 보조금과 대규모 투자, 환경규제 완화 등을 바탕으로 글로벌 원료의약품(API) 시장의 80%를 차지하고 있는 것과 무관하지 않다. 미국뿐 아니라 유럽, 인도, 일본 등도 중국산 원료 의존도가 높아 공급망 다변화와 리쇼어링이 쉽지 않은 구조다.미국은 2021년 이후 의약품 공급망 강화 정책을 추진하고 있으나, 전문가들은 관세 외에도 세제 혜택, 직접 지원 등 종합적 유인책이 필요하다고 조언한다. 트럼프 행정부의 관세 정책은 미국 제약산업의 중국 의존 구조와 공급망 리스크를 드러냈지만, 관세만으로 생산기지 이전과 공급망 안정이 이뤄지기는 어렵다는 지적이 많다.전문가들은 “관세 인상은 약값 폭등과 공급난만 심화시킬 수 있다”며 “글로벌 협력과 실질적 지원책이 병행돼야 한다”고 강조했다.",https://imgnews.pstatic.net/image/018/2025/06/04/0006031049_001_20250604151907597.jpg?type=w860,https://n.news.naver.com/mnews/article/018/0006031049,"['항생제', '진통제', '원료', '이상', '중국', '산이', '미', '공급', '망', '리스크', '무기', '관세', '실효', '논란', '가격', '폭등', '부족', '사태', '우려', '소득', '타격', '글로벌', '협력', '지원', '병행', '이데일리', '방', '성훈', '기자', '도널드 트럼프', '미국', '대통령', '중국산', '의약품', '원료', '품목', '고율', '관세', '부과', '예고', '가운데', '미국', '제약산업', '중국', '의존', '실태', '공급', '망', '리스크', '조명', '사진', '일', '현지', '시간', '방송', '등', '미국', '처방', '항생제', '아목시실린', '원료', '이상', '중국산', '조사', '하', '이드', '로코', '르', '티', '손', '항염증제', '이부프로펜', '진통제', '아세트아미노펜', '해열제', '등', '대다수', '필수', '의약품', '원료', '대부분', '중국', '의존', '트럼프', '대통령', '약사', '미국', '약', '생산', '관세', '장벽', '직면', '것', '의약품', '원료', '자국', '생산', '쇼', '어', '링', '압박', '4월', '중국산', '의약품', '원료', '최대', '고율', '관세', '캐나다', '멕시코', '산', '의료', '기기', '관세', '부과', '제약', '업계', '전문가', '관세', '만', '미국', '생산', '입', '릭', '복제', '약', '가격', '경쟁', '관세', '부담', '소비자', '전가', '데', '미국', '생산', '전환', '최소', '년', '이상', '시간', '필요', '판단', '트럼프', '대통령', '퇴임', '이후', '얘기', '미국', '의약품', '가격', '상승', '우려', '전문가', '미중', '무역', '전쟁', '격화', '경우', '중국', '원료', '공급', '무기', '수', '있다', '공급', '망', '중단', '미국', '약', '폭등', '의약품', '부족', '사태', '수', '있다', '목소리', '경고', '미국', '제약산업', '필수', '의약품', '부족', '가격', '급등', '업계', '조사', '관세', '부과', '경우', '미국', '수입', '의약품', '가격', '연간', '달러', '조원', '증가', '일부', '항암제', '등', '주', '처방', '기준', '최대', '달러', '만원', '이상', '가격', '수', '릭', '약값', '브랜드', '대비', '소득', '보험', '환자', '의존', '관세', '인상', '의료', '접근성', '악화', '수', '우려', '중국', '2000년대', '이후', '정부', '보조금', '규모', '투자', '환경', '규제', '완화', '등', '바탕', '글로벌', '원료', '의약품', '시장', '차지', '것', '미국', '유럽', '인도', '일본', '등', '중국산', '원료', '의존도', '공급', '망', '다변', '리쇼어링', '구조', '미국', '년', '이후', '의약품', '공급', '망', '강화', '정책', '추진', '전문가', '관세', '외', '세제', '혜택', '지원', '등', '종합', '유인책', '필요', '조언', '트럼프', '행정부', '관세', '정책', '미국', '제약산업', '중국', '의존', '구조', '공급', '망', '리스크', '관세', '만', '생산', '기지', '이전', '공급', '망', '안정', '지적', '전문가', '관세', '인상', '약값', '폭등', '공급', '난만', '심화', '수', '있다', '글로벌', '협력', '실질', '지원책', '병행', '강조']",-1,"['경제-금융_재테크', '경제-부동산', '정치-청와대', '정치-행정_자치', '정치-국회_정당', '정치-선거', '지역-강원', '경제-경제일반', '국제-중국', '국제-미국_북미', '경제-유통', '사회-사건_사고', '경제-취업_창업', '사회-사회일반', '지역-경기', '지역-제주', '지역-대구', '사회-노동_복지', '지역-충남', '지역-광주', '지역-전북', 'IT_과학-콘텐츠', '국제-아시아', '지역-충북', '지역-대전', '정치-정치일반', '문화-방송_연예', '지역-울산', '경제-증권_증시', 'IT_과학-모바일', '지역-경남', '지역-부산', '사회-교육_시험', '지역-전남', '경제-자동차', '사회-여성', '경제-산업_기업', 'IT_과학-인터넷_SNS', 'IT_과학-과학', 'IT_과학-보안', '사회-환경', '사회-미디어', '정치-북한', '경제-반도체', '경제-무역', '국제-러시아', '문화-학술_문화재', '국제-국제일반', '문화-생활', '국제-유럽_EU', '경제-서비스_쇼핑', '문화-미술_건축', '지역-지역일반', '경제-국제경제', '지역-경북', '스포츠-골프', '국제-중남미', '문화-문화일반', '국제-중동_아프리카', '문화-전시_공연', '국제-일본', '사회-장애인', '문화-영화', '경제-외환', '사회-의료_건강', 'IT_과학-IT_과학일반', '경제-자원', '정치-외교', '스포츠-스포츠일반', '스포츠-농구_배구', '스포츠-축구', '스포츠-올림픽_아시안게임', '스포츠-야구-일본프로야구', '스포츠-야구-메이저리그']"
글로벌 경제,트럼프 예산안 상원서 막히나…재정적자 안줄이면 과반 확보 불확실,"공화당 내부에서도 예산안 반대재정적자 더 늘어날 수 있다고 우려머스크도 예산안 관련 ""역겹고 혐오스러워""월가 “미국 경제 심장마비…늑대가 문 앞에”



사진=AP도널드 트럼프 미국 대통령이 ‘하나의 크고 아름다운 법안’(One Big Beautiful Bill Act·OBBBA)이라고 이름 붙인 예산안이 상원 의회 통과를 앞두고 난관에 봉착했다. 감세 연장 등을 핵심 내용으로 한 이번 예산안에 대해 공화당 의원 가운데 일부가 반대하고 있어서다. 이들은 미국 연방정부가 이미 천문학적인 규모의 부채로 허덕이는 가운데 해당 예산안까지 통과하면 재정적자 규모가 더욱 커질 수 있다는 점을 우려하고 있다. “공화당 의원 4명 반대”공화당의 랜드 폴(켄터키) 상원 의원은 3일(현지시간) 기자들과 만나 예산안에 대한 반대 입장을 드러냈다. 폴 의원은 법안에 포함된 5조 달러 규모의 부채한도 인상 조항을 문제 삼고 있다.  그는“부채 한도 인상 조항이 여전히 수용 불가능한 사안이라고 밝히며, 이는 (재정) 보수주의 가치에 반한다”며 “부채 한도를 5조 달러 늘리면 결국 그 수준까지 가게 될 것”이라고 주장했다. 부채 한도를 늘린 만큼 실제 부채도 증가할 것이라는 뜻이다.폴 의원은 대신 부채 한도를 예산안과 분리해서 다룬다면, 나머지 감세안이 담긴 조항은 충분히 검토해볼 수 있다는 입장이다. 트럼프 대통령은 트루스 소셜을 통해 “(폴 의원은) 모든 사안에 반대표만 날리고 아무 건설적인 아이디어도 제시하지 않는다”고 지적했다. 또한, 폴 의원이 법안에 반대할 경우 “민주당과 급진좌파를 돕는 셈이며, 켄터키 주민들은 이를 용서하지 않을 것”이라고 경고했다.하지만 폴 의원 말고도 3명이 해당 법안을 반대하고 있다. 현재 상원에서 공화당은 53석을 보유하고 있으며, 법안 통과를 위해서는 최소 50표가 필요하다. 하지만 폴 의원을 포함해 론 존슨(위스콘신), 마이크 리(유타), 릭 스콧(플로리다)  등 최소 4명의 공화당 상원의원이 재정 적자를 이유로 반대 입장을 표명하고 있다.  재정적자 3조 8000억 달러 늘어OBBBA는 트럼프 1기 행정부 시절인 2017년 시행돼 올해 말 종료가 예정된 주요 감세안의 연장을 골자로 한다. 개인소득세율 인하를 비롯해 △법인세 최고세율 인하 △표준소득공제와 자녀세액공제을 확대하는 내용이 담겨 있다. 이밖에 팁과 초과근무수당에 대한 면제, 미국산 자동차 구입을 위한 대출 이자에 대한 신규 세액공제 허용 등도 포함됐다.감세안으로 줄어드는 정부 세수의 빈자리는 메디케이드(저소득층 의료보험), SNAP(저소득층 식품 지원 프로그램), 청정에너지 및 전기차 세금 공제, 교육 보조금 등 다양한 연방 보조금과 복지 프로그램을 삭감해 균형을 맞추려고 한다.하지만 미국 의회예산국(CBO)에 따르면 이 법안이 통과했을 때 미국 재정적자는 3조8000억 달러 더 늘어날 것으로 전망된다. 재정적자는 세수 등 정부 수입보다 지출이 더 많을 때 생긴다. 미국 정부는 국채를 발행하는 등 빚을 져서 재정적자를 메운다. 미국의 2024 회계연도(2024년 9월 30일 기준) 재정 적자는 약 1조 8300억 달러였다. 이에 따른 정부 부채는 36조 4000억 달러였다. 이후 재정적자 규모와 이에 따른 정부 부채가 늘어 4일 기준 미국의 정부 부채는 약 36조 9300억 달러다.  재정적자 경고 이어져정부효율부(DOGE) 수장으로 임명돼 연방 정부 구조조정과 예산·지출 삭감을 진두지휘한 일론 머스크 테슬라 최고경영자(CEO)도 예산안을 비판하고 나섰다.머스크는 이날 X(옛 트위터)를 통해 “이 엄청나고 터무니없으며 낭비로 가득 찬 의회 예산안은 역겹고 혐오스러운 것”이라며 “이 예산안에 표를 던진 자들은 부끄러워해야 한다.”고 비난했다. 월가에서도 미국의 국가 부채에 대한 경고가 이어지고 있다. 세계 최대 헤지펀드 ‘브리지워터 어소시에이츠’ 설립자인 레이 달리오는 최근 급증하는 미국 국가 부채와 재정 적자에 대해 다시 경고를 내놨다. 그는 3일 출간된 책 ‘국가들이 파산하는 방식’)에서 미국의 부채 상황을 심장병 환자에 빗대어 설명했다. 그는 미국이 경제적 심장마비를 피할 수 있는 시기가 “3년 ± 1년 정도 남았다”고 지적했다.투자은행 라자드의 최고경영자(CEO)인 피터 오재그도 최근 경고에 동참했다. 버락 오바마 행정부에서 백악관 예산국장을 지낸 그는 “정부 재직 시절에는 적자 지출과 부채 수준이 지속 불가능하다고 비판했던 이들을 ‘늑대가 나타났다’고 외치는 양치기 소년처럼 생각했다”며 “하지만 지금은 늑대가 우리 문턱에 훨씬 가까이 다가왔다”고 우려했다. 뉴욕=박신영 특파원 nyusos@hankyung.com",https://imgnews.pstatic.net/image/015/2025/06/04/0005140570_001_20250604152309801.jpg?type=w860,https://n.news.naver.com/mnews/article/015/0005140570,"['공화당', '내부', '예산안', '반대', '재정', '적자', '수', '예산안', '관련', '혐오', '월', '미국', '경제', '심장', '마비', '늑대', '문', '앞', '사진', '도널드 트럼프', '미국', '대통령', '하나', '법안', '이름', '예산안', '상원', '의회', '통과', '난관', '봉착', '감세', '연장', '등', '핵심', '내용', '이번', '예산안', '공화당', '의원', '가운데', '일부', '반대', '미국', '연방', '정부', '천문학', '규모', '부채', '가운데', '해당', '예산안', '통과', '재정', '적자', '규모', '수', '점', '우려', '공화당', '의원', '명', '반대', '공화당', '랜드 폴', '켄터키', '상원', '의원', '일', '현지', '시간', '기자', '예산안', '반대', '입장', '폴', '의원', '법안', '포함', '달러', '규모', '부채', '한도', '인상', '조항', '문제', '부채', '한도', '인상', '조항', '수용', '사안', '재정', '보수주의', '가치', '부채', '한도', '달러', '수준', '것', '주장', '부채', '한도', '만큼', '실제', '부채', '증가', '것', '뜻', '폴', '의원', '대신', '부채', '한도', '예산안', '분리', '나머지', '감세', '안이', '조항', '검토', '수', '입장', '트럼프', '대통령', '소', '을', '폴', '의원', '사안', '반대표', '건설', '아이디어', '제시', '지적', '폴', '의원', '법안', '반대', '경우', '민주당', '급진', '좌파', '셈', '켄터키', '주민', '용서', '것', '경고', '폴', '의원', '명', '해당', '법안', '반대', '상원', '공화당', '석', '보유', '법안', '통과', '최소', '표', '필요', '폴', '의원', '포함', '론', '존슨', '위스콘신', '마이크 리', '유타', '릭', '스콧', '플로리다', '등', '최소', '명', '공화당', '상원', '의원', '재정', '적자', '이유', '반대', '입장', '표명', '재정', '적자', '달러', '트럼프', '기', '행정부', '시절', '년', '시행', '올해', '말', '종료', '예정', '감세', '안', '연장', '골자', '개인', '소득세', '인하', '법인세', '최고', '세율', '인하', '표준', '소득', '공제', '자녀', '세액', '공', '제을', '확대', '내용', '팁', '초과근무', '수당', '면제', '미국', '산', '자동차', '구입', '대출', '이자', '신규', '세액', '공제', '허용', '등', '포함', '감세', '안', '정부', '세수', '빈자리', '메디케이드', '소득', '의료', '보험', '소득', '식품', '지원', '프로그램', '청정에너지', '기차', '세금', '공제', '교육', '보조금', '등', '연방', '보조금', '복지', '프로그램', '삭감', '균형', '미국 의회', '예', '산국', '법안', '통과', '때', '미국', '재정', '적자', '달러', '것', '전망', '재정', '적자', '세수', '등', '정부', '수입', '지출', '때', '미국', '정부', '국채', '발행', '등', '빚', '재정', '적자', '미국', '회계', '연도', '2024년', '9월 30일', '기준', '재정', '적자', '달러', '정부', '부채', '달러', '이후', '재정', '적자', '규모', '정부', '부채', '일', '기준', '미국', '정부', '부채', '달러', '재정', '적자', '경고', '정부', '효율', '부', '수장', '임명', '연방 정부', '구조조정', '예산', '지출', '삭감', '진두지휘', '일', '테슬라', '최고경영자', '예산안', '비판', '이날', '트위터', '낭비', '의회', '예산안', '혐오', '것', '예산안', '표', '자', '비난', '월', '미국의 국가', '부채', '경고', '세계', '최대', '헤지펀드', '브리지워터 어소시에이츠', '설립자', '레이', '최근', '급증', '미국', '국가', '부채', '재정', '적자', '경고', '일', '출간', '책', '국가', '파산', '방식', '미국', '부채', '상황', '심장병', '환자', '설명', '미국', '경제', '심장', '마비', '수', '시기', '3년', '년', '정도', '지적', '투자은행', '라자', '드', '최고경영자', '피터', '최근', '경고', '동참', '버락 오바마 행정부', '백악관', '예산', '국장', '정부', '재직', '시절', '적자', '지출', '부채', '수준', '지속', '비판', '늑대', '양치기 소년', '생각', '지금', '늑대', '문턱', '우려', '뉴욕', '박신영', '특파원']",-1,"['경제-금융_재테크', '경제-부동산', '정치-청와대', '정치-행정_자치', '정치-국회_정당', '정치-선거', '지역-강원', '경제-경제일반', '국제-중국', '국제-미국_북미', '경제-유통', '경제-취업_창업', '사회-사회일반', '지역-경기', '지역-제주', '지역-대구', '사회-노동_복지', '지역-충남', '지역-광주', '지역-전북', 'IT_과학-콘텐츠', '국제-아시아', '지역-충북', '지역-대전', '정치-정치일반', '문화-방송_연예', '지역-울산', '경제-증권_증시', '지역-경남', '지역-부산', '사회-교육_시험', '경제-자동차', '사회-여성', '경제-산업_기업', 'IT_과학-인터넷_SNS', 'IT_과학-과학', 'IT_과학-보안', '문화-출판', '사회-미디어', '정치-북한', '경제-반도체', '경제-무역', '국제-러시아', '문화-학술_문화재', '국제-국제일반', '문화-생활', '국제-유럽_EU', '경제-서비스_쇼핑', '문화-미술_건축', '지역-지역일반', '경제-국제경제', '지역-경북', '스포츠-골프', '국제-중남미', '문화-문화일반', '국제-중동_아프리카', '문화-종교', '문화-전시_공연', '국제-일본', '사회-장애인', '문화-영화', '문화-음악', '문화-요리_여행', '경제-외환', '사회-의료_건강', 'IT_과학-IT_과학일반', '경제-자원', '정치-외교', '스포츠-스포츠일반', '스포츠-농구_배구', '스포츠-축구-한국프로축구', '스포츠-축구', '스포츠-월드컵', '스포츠-올림픽_아시안게임', '스포츠-야구', '스포츠-야구-일본프로야구', '스포츠-야구-메이저리그']"
글로벌 경제,트럼프 '트루스소셜' 비트코인 ETF 출시 신청,"(서울=연합뉴스) 황정우 기자 = 도널드 트럼프 미국 대통령이 소유한 '트럼프 미디어 앤드 테크놀로지 그룹'(TMTG)이 비트코인 상장지수펀드(ETF) 출시에 한 걸음 더 다가섰다.    3일(현지시간) 미국 방송 CNBC에 따르면 ETF 상장 업무를 처리하는 뉴욕증권거래소(NYSE) 아르카가 TMTG 소유의 트루스소셜과 연계된 비트코인 ETF 상장을 위한 신청서를 제출했다.    '19B-4 신청서' 제출은 미국 규제 당국이 ETF 상장 승인 여부를 결정하기 위해 필요한 절차다.    '트루스소셜 비트코인 ETF'로 명명된 이 ETF는 비트코인 가격을 추종한다. 투자자들이 자산을 직접 보유하지 않고도 노출될 수 있는 간편한 수단을 제공하도록 설계됐다.    앞서 TMTG는 지난달 28일 미국 라스베이거스에서 열린 '비트코인 2025' 행사에서 주식과 전환사채 25억달러어치(약 3조4천300억원)를 발행해 그 자금으로 비트코인에 투자할 계획이라고 발표한 바 있다.    비트코인 투자로 잘 알려진 스트래티지(전 마이크로스트래티지)와 비슷한 방식이다.    또 TMTG는 지난 3월 가상화폐 거래소 크립토닷컴과 손잡고 디지털 자산 기반 ETF 등의 출시를 추진하기로 했다고 발표했다.    지난해 1월 첫 상품이 출시된 이후 현물 비트코인 ETF 자산 규모는 현재 1천300억달러(약 178조원)를 넘어선 상태로 급성장했다.    한편 케빈 해싯 백악관 국가경제위원회(NEC) 위원장은 미국 가상화폐 거래소 '코인베이스 글로벌'의 자문위원으로 활동해 최소 100만달러의 이 회사 주식을 보유한 것으로 파악됐다.   행사 가능한 주식으로 분류된 이 주식은 최대 500만달러 상당의 가치를 가질 수 있다고 블룸버그는 전했다.



트럼프 대통령을 배경으로 비트코인을 합성한 그래픽 이미지[EPA 연합뉴스 자료사진. 재판매 및 DB 금지] jungwoo@yna.co.kr",https://imgnews.pstatic.net/image/001/2025/06/04/AKR20250604117200009_01_i_P4_20250604151516650.jpg?type=w860,https://n.news.naver.com/mnews/article/001/0015432378,"['서울', '연합뉴스', '황', '정우', '기자', '도널드 트럼프', '미국', '대통령', '소유', '트럼프', '미디어', '앤드', '테크놀로지', '그룹', '비트코인', '상장', '지수', '펀드', '출시', '걸음', '일', '현지', '시간', '미국', '방송', '상장', '업무', '처리', '뉴욕', '증권거래소', '아르카', '소유', '연계', '비트코인', '상장', '신청서', '제출', '-4', '신청서', '제출', '미국', '규제', '당국', '상장', '승인', '여부', '결정', '필요', '절차', '비트코인', '명명', '비트코인', '가격', '추종', '투자자', '자산', '보유', '노출', '수', '수단', '제공', '설계', '지난달', '일', '미국', '라스베이거스', '비트코인', '행사', '주식', '전환사채', '달러', '어치', '원', '발행', '자금', '비트코인', '투자', '계획', '발표', '바', '비트코인', '투자', '마이크', '로스트', '래', '티', '지', '방식', '3월', '가상', '화폐', '거래소', '디지털', '자산', '기반', '등', '출시', '추진', '발표', '지난해', '1월', '상품', '출시', '이후', '현물', '비트코인', '자산', '규모', '달러', '조원', '상태', '급성장', '한편', '케빈', '백악관', '국가', '경제', '위원회', '위원장', '미국', '가상', '화폐', '거래소', '코', '베이스', '글로벌', '자문', '위원', '활동', '최소', '달러', '회사', '주식', '보유', '것', '파악', '행사', '주식', '분류', '주식', '최대', '달러', '상당', '가치', '수', '블룸버그', '트럼프', '대통령', '배경', '비트코인', '합성', '그래픽', '이미지', '연합뉴스', '자료', '사진', '판매', '금지']",-1,"['경제-금융_재테크', '경제-부동산', '정치-청와대', '정치-행정_자치', '정치-국회_정당', '정치-선거', '지역-강원', '경제-경제일반', '국제-중국', '국제-미국_북미', '경제-유통', '경제-취업_창업', '사회-사회일반', '지역-경기', '지역-제주', '지역-대구', '사회-노동_복지', '지역-충남', '지역-광주', '지역-전북', 'IT_과학-콘텐츠', '국제-아시아', '지역-충북', '지역-대전', '정치-정치일반', '문화-방송_연예', '지역-울산', '경제-증권_증시', 'IT_과학-모바일', '지역-경남', '지역-부산', '사회-교육_시험', '지역-전남', '경제-자동차', '사회-여성', '경제-산업_기업', 'IT_과학-인터넷_SNS', 'IT_과학-과학', 'IT_과학-보안', '문화-출판', '사회-환경', '사회-미디어', '정치-북한', '경제-반도체', '경제-무역', '국제-러시아', '문화-학술_문화재', '국제-국제일반', '문화-생활', '국제-유럽_EU', '경제-서비스_쇼핑', '문화-미술_건축', '지역-지역일반', '경제-국제경제', '지역-경북', '스포츠-골프', '국제-중남미', '문화-문화일반', '국제-중동_아프리카', '문화-종교', '문화-전시_공연', '국제-일본', '사회-장애인', '문화-영화', '문화-음악', '문화-요리_여행', '경제-외환', '사회-의료_건강', 'IT_과학-IT_과학일반', '경제-자원', '정치-외교', '스포츠-스포츠일반', '스포츠-농구_배구', '스포츠-축구-한국프로축구', '스포츠-축구', '스포츠-월드컵', '스포츠-올림픽_아시안게임', '스포츠-야구-일본프로야구', '스포츠-야구-메이저리그']"
글로벌 경제,스노우플레이크 서밋 2025 개최…데이터 분석 위한 에이전트 공개,"오픈AI 앤트로픽과 손잡고 에이전트 개발



 2일(현지시간) 미국 캘리포니아주 샌프란시스코 모스코니 센터에서 열린 ‘스노우플레이크 서밋 2025’에서 슈리다 라마스워미 CEO가 기조연설을 하고 있다. <스노우플레이크>인공지능(AI) 데이터 클라우드 기업 스노우플레이크가 미국 현지시각 3일 미국 샌프란시스코에서 ‘스노우플레이크 서밋 2025’를 열고 지능형 에이전트 ‘스노우플레이크 인텔리전스’와 데이터 사이언티스트의 업무 도우미 ‘데이터 사이언스 에이전트’를 공개했다.‘스노우플레이크 인텔리전스’는 지능형 데이터 에이전트로 자연어로 질문하더라도 정형화된 테이블과 비정형 문서 모두에서 즉각적으로 실행 가능한 인사이트를 도출해낸다. 코드를 한 줄도 작성하지 않고도 조직의 데이터를 자연어로 자유롭게 탐색하고 대화할 수 있으며 스노우플레이크 환경 내에서 직접 실행돼 기존의 보안 환경, 데이터 마스킹, 거버넌스 정책을 자동으로 이어받는다. 앤트로픽과 오픈AI의 최신 대규모 언어 모델을 기반으로 하며 스노우플레이크 환경 내에서 실행된다.‘데이터 사이언스 에이전트’는 루틴한 ML 모델 개발 작업을 자동화해 데이터 사이언티스트의 생산성을 높이는 AI 에이전트다. 데이터 사이언스 전문가들은 ML워크플로우를 개발하고 디버깅하는데 많은 시간을 소모해 운영상의 병목 현상과 ML 모델 자체를 줄이는 결과를 초래하기도 한다. 사용자가 제안된 개선사항을 적용하거나 후속 지시를 입력하면 ‘데이터 사이언스 에이전트’는 최적화된 다음 단계로 넘어간다. 이러한 작업을 자동화함으로써 데이터 사이언스팀은 반복적인 업무에 대한 시간을 줄이고 더 중요한 업무에 집중할 수 있다.‘데이터 사이언스 에이전트’는 앤트로픽의 클로드를 활용해 머신러닝 워크플로우와 관련된 문제를 데이터 분석, 데이터 준비, 피처 엔지니어링, 학습 등 개별 단계로 나누어 해결한다. 여기에 다단계 추론, 맥락 이해, 실행 기능 등 고급 기술을 결합해 완전하게 작동 가능한 머신러닝 파이프라인 형태로 검증된 솔루션을 제공하며 이는 스노우플레이크 노트북에서 바로 실행할 수 있다.바리스 굴테킨 스노우플레이크 바리스 굴테킨 AI 책임자는 “기업이 AI 에이전트를 제대로 사용하려면 데이터 사일로를 없애고 보안과 컴플라이언스를 준수하는 등 AI에 최적화된 정보 생태계를 갖춰야 한다”며 “스노우플레이크 인텔리전스는 조직 내 모든 사람들이 정형 및 비정형 데이터에 접근하는 데이터 민주화를 실현해 각 부서의 비즈니스 노하우를 극대화하며 데이터를 활용, 기업이 더욱 빠르게 의사결정할 수 있도록 하는 것”이라고 전했다.



 스노우플레이크는 2028년 하계 올림픽의 데이터 부문 파트너로 참여한다. <스노우플레이크>스노우플레이크는 이날 새로운 데이터 이동 서비스 ‘스노우플레이크 오픈플로우’도 공개했다. 아파치 나이파이 기반의 오픈플로우는 멀티모달 데이터를 스트리밍 방식으로 전송하는 서비스로, 수백 개의 사전 구축된 커넥터를 통해 다양한 데이터 소스를 AI 모델, 애플리케이션, 데이터 에이전트와 연동할 수 있다. 여기에는 데이터 파이프라인을 더 빠르게 구축·배포·최적화할 수 있는 dbt 기반 개발 환경 ‘워크스페이스’, 아파치 아이스버그 테이블 활성화 및 분석 최적화를 지원하는 레이크하우스 통합 기능, 초저지연 스트리밍 처리 기능을 제공하는 ‘스노우파이프 스트리밍’도 포함된다. 이를 통해 고객은 정형·비정형·스트리밍 데이터를 빠르게 수집·처리할 수 있다.한편, 2일 기조연설에는 샘 올트먼 오픈AI CEO가 참석해 슈리다 라마스워미 CEO와 대담을 나눴다. 샘 올트먼 CEO느 오픈AI가 최근 공개한 코딩 에이전트 ‘코덱스’를 언급하면서 “지금은 AI 에이전트가 몇시간 정도의 일을 대신해주는 인턴에 불과하지만, 언젠가는 경험 많은 소프트웨어 엔지니어가 되어서 며칠이 걸리는 일을 하게될 것”이라고 말했다. 그러다 어느 시점에는 “AI가 스스로 과학적인 발견을 해내는 ‘AI 과학자’가 될 것이고 그것이 엄청 중요한 순간이 될 것이”라고 설명했다.한편, 스노우플레이크는 2028년 미국 로스앤젤레스열리는 하계올림픽·패럴림픽 조직위원회(LA28)와 미국 국가대표팀(Team USA)의 공식 데이터 파트너로 3년간 협업하기로 했다. 미국 올림픽 및 패럴림픽 프로퍼티스 최고경영자(CEO) 존 슬러셔는 스노우플레이크 서밋 2025에 직접 참석해 스노우플레이크와의 파트너십을 축하했다.데니스 퍼슨 스노우플레이크 최고마케팅책임자(CMO)는 “올림픽 역사상 가장 기술적 진보를 기록할 LA28의 파트너로서 스노우플레이크는 이전에는 상상할 수 없었던 가능성을 실현할 것”이라고 말했다.[실리콘밸리=이덕주 특파원]","https://imgnews.pstatic.net/image/009/2025/06/04/0005503508_001_20250604151018405.jpg?type=w860,https://imgnews.pstatic.net/image/009/2025/06/04/0005503508_002_20250604151018437.jpg?type=w860",https://n.news.naver.com/mnews/article/009/0005503508,"['오픈', 'AI', '에이전트', '개발', '일', '현지', '시간', '미국', '캘리포니아주', '샌프란시스코', '모스', '코니', '센터', '스노', '우프', '레이크', '서밋', '슈리', '기조연설', '스노우', '플레이', '인공지능', '데이터', '클라우드', '기업', '스노', '우프', '레이크', '미국', '현지', '시각', '일', '미국', '샌프란시스코', '스노', '우프', '레이크', '서밋', '지능형 에이전트', '스노', '우프', '레이크', '인텔리전스', '데이터', '사이언티스트', '업무', '도우미', '데이터', '사이언스', '에이전트', '공개', '스노', '우프', '레이크', '인텔리전스', '지능', '데이터', '에이전트', '자연어', '질문', '정형', '테이블', '정형', '문서', '모두', '즉각', '실행', '인사이트', '도출', '코드', '줄', '작성', '조직', '데이터', '자연어', '자유', '탐색', '대화', '수', '스노', '우프', '레이크', '환경', '실행', '기존', '보안', '환경', '데이터', '마스', '킹', '거버넌스', '정책', '자동', '오픈', 'AI', '최신', '규모', '언어', '모델', '기반', '스노', '우프', '레이크', '환경', '실행', '데이터', '사이언스', '에이전트', '루틴', '한', '모델', '개발', '작업', '자동화', '데이터', '사이언티스트', '생산성', '에이전트', '데이터', '사이언스', '전문가', '워크플로', '우', '개발', '시간', '소모', '운영', '병목', '현상', '모델', '자체', '결과', '초래', '사용자', '제안', '개선', '사항', '적용', '후속', '지시', '입력', '데이터', '사이언스', '에이전트', '최적화', '다음', '단계', '작업', '자동화', '데이터', '사이언스', '팀', '반복', '업무', '시간', '업무', '집중', '수', '데이터', '사이언스', '에이전트', '클로드', '활용', '머신', '러닝', '워크플로', '우', '관련', '문제', '데이터', '분석', '데이터', '준비', '피처', '엔지니어링', '학습', '등', '개별', '단계', '해결', '다단계', '추론', '맥락', '이해', '실행', '기능', '등', '고급', '기술', '결합', '완전', '작동', '머신', '러닝', '파이프라인', '형태', '검증', '솔루션', '제공', '스노', '우프', '레이크', '노트북', '실행', '수', '바', '리스', '굴', '테', '스노', '우프', '레이크', '바', '리스', '굴', '테', '책임자', '기업', '에이전트', '사용', '데이터', '사일', '보안과', '컴플라이언스', '준수', '등', '최적화', '정보', '생태계', '스노', '우프', '레이크', '인텔리전스', '조직', '사람', '정형', '정형', '데이터', '접근', '데이터', '민주화', '실현', '부서', '비즈니스', '노하우', '극대', '데이터', '활용', '기업', '의사', '결정', '수', '것', '스노우', '플레이', '2028년 하계 올림픽', '데이터', '부문', '파트너', '참여', '스노우', '플레이', '스노우', '플레이', '이날', '데이터', '이동', '서비스', '스노', '우프', '레이크', '오픈', '플로우', '공개', '아파치', '나이', '파이', '기반', '오픈', '플로우', '멀티', '모', '달', '데이터', '스트리밍', '방식', '전송', '서비스', '개', '사전', '구축', '커넥터', '데이터', '소스', '모델', '애플리케이션', '데이터', '에이전트', '연동', '수', '데이터', '파이프라인', '구축', '배포', '최적화', '수', '기반', '개발', '환경', '워크스페이스', '아파치', '아이스', '버', '테이블', '활성', '분석', '최적화', '지원', '레이크', '하우스', '통합', '기능', '저지', '연', '스트리밍', '처리', '기능', '제공', '스노우', '파이프', '스트리밍', '포함', '고객', '정형', '정형', '스트리밍', '데이터', '수집', '처리', '수', '한편', '일', '기조연설', '샘', '올', '오픈', 'AI', '참석', '슈리', '대담', '샘', '올', '느', '오픈', 'AI', '최근', '공개', '코', '에이전트', '코덱스', '언급', '지금', '에이전트', '시간', '정도', '일', '대신', '인턴', '경험', '소프트웨어', '엔지니어', '며칠', '일', '것', '말', '시점', '과학', '발견', '과학자', '것', '순간', '것', '이', '설명', '한편', '스노우', '플레이', '년', '미국', '로스앤젤레스', '하계', '올림픽', '패럴림픽', '조직', '위원회', '미국', '국가대표팀', '공식', '데이터', '파트너', '3년', '간', '협업', '하기', '미국', '올림픽', '패럴림픽', '최고경영자', '존', '스노', '우프', '레이크', '서밋', '참석', '스노', '우프', '레이크', '파트너십', '축하', '데니스', '퍼스', '스노', '우프', '레이크', '최고', '마케팅', '책임자', '올림픽', '역사', '기술', '진보', '기록', '28', '파트너', '스노우', '플레이', '이전', '상상', '수', '실현', '것', '말', '실리콘밸리', '이덕주', '특파원']",-1,"['경제-금융_재테크', '경제-부동산', '정치-청와대', '정치-행정_자치', '정치-국회_정당', '정치-선거', '지역-강원', '경제-경제일반', '국제-중국', '국제-미국_북미', '경제-유통', '사회-사건_사고', '경제-취업_창업', '사회-사회일반', '지역-경기', '지역-제주', '지역-대구', '사회-노동_복지', '지역-충남', '지역-광주', '지역-전북', 'IT_과학-콘텐츠', '국제-아시아', '지역-충북', '지역-대전', '정치-정치일반', '문화-방송_연예', '지역-울산', '경제-증권_증시', 'IT_과학-모바일', '지역-부산', '사회-교육_시험', '경제-자동차', '사회-여성', '경제-산업_기업', 'IT_과학-인터넷_SNS', 'IT_과학-과학', 'IT_과학-보안', '문화-출판', '사회-환경', '사회-미디어', '정치-북한', '경제-반도체', '경제-무역', '국제-러시아', '문화-학술_문화재', '국제-국제일반', '문화-생활', '국제-유럽_EU', '경제-서비스_쇼핑', '문화-미술_건축', '지역-지역일반', '경제-국제경제', '스포츠-골프', '국제-중남미', '문화-문화일반', '국제-중동_아프리카', '문화-종교', '문화-전시_공연', '국제-일본', '사회-장애인', '문화-영화', '문화-요리_여행', '경제-외환', '사회-의료_건강', 'IT_과학-IT_과학일반', '경제-자원', '정치-외교', '스포츠-스포츠일반', '스포츠-농구_배구', '스포츠-축구-한국프로축구', '스포츠-축구', '스포츠-올림픽_아시안게임', '스포츠-야구', '스포츠-야구-일본프로야구']"
생활경제,“규제 강화 예고에 떨고 있는 프랜차이즈 업계”,"가맹점주에 단체협상권 부여…패스트트랙 지정가맹점주·가맹본부, 대등하게 협상 가능하도록 '협상력' 강화협회 ""여러 단체 난립 등 독소조항 우려…개선 요청""[이데일리 오희나 기자] 6·3 대통령 선거에서 이재명 대통령이 당선되면서 식품업계에서는 규제가 강화될 것이라는 우려가 나온다. 특히 가맹사업법 개정안 등 민주당이 추진해 온 입법 과제들이 탄력을 받을 것이라는 전망이 나오면서 업계의 긴장감도 고조되고 있다.



서울의 한 bhc 매장 앞 모습. (사진=연합뉴스)4일 프랜차이즈 업계에 따르면 업계는 이 대통령의 가맹사업법 개정안 추진에 대한 우려가 크다. 앞서 이 대통령은 가맹점주, 대리점주, 플랫폼 입점사업자에게 단체등록제, 단체협상권을 부여하는 공약을 내놓은바 있다. 공약이 실현되면 가맹점주들이 노동조합처럼 가맹본사를 상대로 직접 협의할 수 있게 된다. 협상력이 거의 없는 점주 개인과 우월적 지위를 가진 가맹본부가 대등하게 협상할 수 있도록 협상력을 강화하겠다는 취지다. 현재 국회에는 민주당 주도로 가맹점주들의 단체협상권 시행을 위한 가맹사업법 개정안이 패스트트랙으로 지정된 상태다.다만 프랜차이즈 본사들은 해당 법안이 통과되면 본사와 가맹점주들 간에 불필요한 갈등이 늘어날 수 있다고 보고 있다. 특히 개정안에 일부 독소 조항이 포함돼 개선이 필요하다는 의견이다. 가맹점주들이 일정 기준만 충족하면 단체를 만들 수 있는 ‘등록제’를 채택했는데, 이에 따라 다수의 단체가 난립할 가능성이 있다. 또 점주 단체가 협의 요청 권리를 악용해 본부의 경영에 부당하게 간섭해도 본사가 대응할 수단이 없는데다, 가맹본사가 협의를 요청한 점주 단체의 구성원을 파악할 수 없다는 것도 개정안의 문제점으로 꼽힌다.한국프랜차이즈산업협회 관계자는 “여러 단체들이 난립해 본사에 협의를 요청하면 정상적으로 영업이 이뤄질 수 있을지 우려스럽다”면서 “단일 창구를 지정하는 대안이라도 마련해달라는 입장”이라고 말했다. 그러면서 “개정안 시행이 불가피할 것으로 보이기 때문에 적어도 일부 내용에 대해서는 개선을 해달라는 요청을 지속할 예정”이라고 말했다.전문가들은 가맹사업법 개정안으로 인해 자칫 프랜차이즈 산업 자체가 위축될수 있기 때문에 좀 더 신중하게 접근해야 한다는 지적이다. 이성훈 세종대 경영전문대학원 교수(부원장)는 “프랜차이즈 산업은 가맹본부와 가맹점이 협력해서 브랜드를 알리고 소비자들의 선택을 받는 비즈니스 모델”이라며 “그런데 가맹사업법 개정안이 노사 갈등처럼 본부와 가맹점 간의 갈등을 증폭시키는 역할을 하게 되면 브랜드 자체가 공멸할 수밖에 없다”고 강조했다.",https://imgnews.pstatic.net/image/018/2025/06/04/0006031058_001_20250604152421634.jpg?type=w860,https://n.news.naver.com/mnews/article/018/0006031058,"['가맹점', '주', '단체', '협상', '부여', '패스트', '트랙', '지정', '가맹점', '주', '가맹', '본부', '대등', '협상', '협상력', '강화', '협회', '단체', '난립', '등', '독소', '조항', '우려', '개선', '요청', '이데일리', '오희', '기자', '대통령 선거', '이재명', '대통령', '당선', '식품업', '규제', '강화', '것', '우려', '가맹', '사업', '법', '개정안', '등', '민주당', '추진', '입법', '과제', '탄력', '것', '전망', '업계', '긴장감', '고조', '서울', '매장', '앞', '모습', '사진', '연합뉴스', '일', '프랜차이즈', '업계', '업계', '대통령', '가맹', '사업', '법', '개정안', '추진', '우려', '대통령', '가맹점', '주', '대리점', '주', '플랫폼', '입', '점', '사업자', '단체', '등록제', '단체', '협상', '부여', '공약', '공약', '실현', '가맹점', '주', '노동조합', '가맹', '본사', '상대로', '협의', '수', '협상력', '점', '주', '개인', '우월', '지위', '가맹', '본부', '대등', '협상', '수', '협상력', '강화', '취지', '국회', '민주당', '주도', '가맹점', '주', '단체', '협상', '시행', '가맹', '사업', '법', '개정안', '패스트', '트랙', '지정', '상태', '프랜차이즈', '본사', '해당', '법안', '통과', '본사', '가맹점', '주', '간', '불필요', '갈등', '수', '개정안', '일부', '독소', '조항', '포함', '개선', '필요', '의견', '가맹점', '주', '일정', '기준', '충족', '단체', '수', '등록제', '채택', '다수', '단체', '난립', '점', '주', '단체', '협의', '요청', '권리', '악용', '본부', '경영', '간섭', '본사', '대응', '수단', '가맹', '본사', '협의', '요청', '점', '주', '단체', '구성원', '파악', '수', '것', '개정안', '문제점', '한국', '프랜차이즈', '산업', '협회', '관계자', '단체', '난립', '본사', '협의', '요청', '정상', '영업', '수', '우려', '단일', '창구', '지정', '대안', '마련', '입장', '말', '개정안', '시행', '것', '때문', '일부', '내용', '개선', '해달', '요청', '지속', '예정', '말', '전문가', '가맹', '사업', '법', '개정안', '인해', '프랜차이즈', '산업', '자체', '위축', '수', '때문', '신중', '접근', '지적', '이성훈', '세종대', '경영', '전문대학', '원', '교수', '부원', '장', '프랜차이즈', '산업', '가맹', '본부', '가맹점', '협력', '브랜드', '소비자', '선택', '비즈니스', '모델', '가맹', '사업', '법', '개정안', '노사', '갈등', '본부', '가맹점', '간', '갈등', '증폭', '역할', '브랜드', '자체', '공멸', '수', '강조']",-1,"['경제-금융_재테크', '경제-부동산', '정치-청와대', '정치-행정_자치', '정치-국회_정당', '정치-선거', '지역-강원', '경제-경제일반', '국제-중국', '국제-미국_북미', '경제-유통', '사회-사건_사고', '경제-취업_창업', '사회-사회일반', '지역-경기', '지역-제주', '지역-대구', '사회-노동_복지', '지역-충남', '지역-광주', '지역-전북', 'IT_과학-콘텐츠', '국제-아시아', '지역-충북', '지역-대전', '정치-정치일반', '문화-방송_연예', '지역-울산', '경제-증권_증시', 'IT_과학-모바일', '지역-경남', '지역-부산', '사회-교육_시험', '지역-전남', '경제-자동차', '사회-여성', '경제-산업_기업', 'IT_과학-인터넷_SNS', 'IT_과학-과학', 'IT_과학-보안', '문화-출판', '사회-환경', '사회-미디어', '정치-북한', '경제-반도체', '경제-무역', '문화-학술_문화재', '국제-국제일반', '문화-생활', '국제-유럽_EU', '경제-서비스_쇼핑', '문화-미술_건축', '지역-지역일반', '경제-국제경제', '지역-경북', '스포츠-골프', '국제-중남미', '문화-문화일반', '국제-중동_아프리카', '문화-종교', '문화-전시_공연', '국제-일본', '사회-장애인', '문화-음악', '문화-요리_여행', '경제-외환', '사회-의료_건강', 'IT_과학-IT_과학일반', '경제-자원', '정치-외교', '스포츠-스포츠일반', '스포츠-농구_배구', '스포츠-축구-한국프로축구', '스포츠-축구', '스포츠-올림픽_아시안게임', '스포츠-야구', '스포츠-야구-일본프로야구']"
생활경제,안 쓰는 장난감 기부하세요...신세계百 환경의 날 맞이 기부 캠페인,[파이낸셜뉴스] 신세계백화점에서 환경의 날을 맞이해 사용하지 않는 플라스틱 장난감 기부 캠페인을 벌인다. 오는 29일까지 타임스퀘어점 8층에서 사용하지 않는 장난감을 모아 초록우산 어린이 재단을 통해 장난감 도서관에 기부한다. 이번 캠페인은 아이들과 함께 참여해 자원의 재사용과 나눔 등을 실천하는 좋은 기회가 될 것으로 기대된다. 장난감을 기부하는 사진을 촬영해 패션관 10층 사은행사장을 방문하면 소정의 사은품도 증정한다. 4일 신세계백화점 타임스퀘어점 8층에서 한 가족이 사용하지 않는 장난감을 기부하고 있다. 신세계백화점 제공,https://imgnews.pstatic.net/image/014/2025/06/04/0005359095_001_20250604152212665.jpg?type=w860,https://n.news.naver.com/mnews/article/014/0005359095,"['파이낸셜뉴스', '신세계백화점', '환경의 날', '사용', '플라스틱', '장난감', '기부', '캠페인', '일', '타임스퀘어', '점', '사용', '장난감', '모아', '초록', '우산', '어린이', '재단', '장난감', '도서관', '기부', '이번', '캠페인', '아이들', '참여', '자원', '재사용', '등', '실천', '기회', '것', '기대', '장난감', '기부', '사진', '촬영', '패션', '사은', '행사장', '방문', '소정', '사은품', '증정', '일', '신세계백화점', '타임스퀘어', '점', '가족', '사용', '장난감', '기부', '신세계백화점', '제공']",-1,"['경제-경제일반', 'IT_과학-콘텐츠', 'IT_과학-모바일', '사회-여성', 'IT_과학-인터넷_SNS', 'IT_과학-보안', '국제-러시아', '문화-생활', '경제-서비스_쇼핑', '문화-미술_건축', '문화-문화일반', '문화-전시_공연', '사회-장애인', '사회-의료_건강', '스포츠-스포츠일반', '스포츠-축구', '스포츠-올림픽_아시안게임']"
생활경제,"쇼핑엔티, 'AI 룩북' 브랜드관 오픈","ⓒ쇼핑엔티[데일리안 = 이나영 기자] 쇼핑엔티는 4일 인공지능(AI) 기술을 접목한 ‘AI 룩북’ 패션 브랜드관을 새롭게 선보였다고 밝혔다.이번에 선보인 AI 룩북 콘텐츠는 기존의 정적인 착용 이미지와 달리 AI 룩북은 실제 착용한 듯한 자연스러운 움직임을 구현해 고객이 옷의 핏과 질감을 보다 생생하게 확인할 수 있다. 마치 직접 입어보는 듯한 실감 나는 경험을 통해 보다 정확하고 확신 있는 구매 판단이 가능해진다.현재는 ‘오디브’와 ‘벨리츠’를 포함한 10개 브랜드의 AI 룩북 콘텐츠를 운영 중이며, 각 브랜드의 매력을 효과적으로 전달하고 고객의 몰입도를 높이는 데 중점을 뒀다.앞서 쇼핑엔티는 AI 기반 채팅 상담 서비스인 ‘AI쇼핑톡’, 방송 내용을 요약 제공하는 ‘AI 방송요약’ 등 다양한 AI 기술을 접목해 고객 경험을 강화해왔다. 이번 AI 룩북 콘텐츠 도입 역시 고객의 쇼핑 만족도를 높이기 위한 디지털 혁신의 일환이다.이은주 쇼핑엔티 서비스기획팀장은 “AI 룩북 콘텐츠는 단순한 상품 노출을 넘어 실제 착용 경험을 제공하는 새로운 시도”라며 “앞으로도 디지털 기술을 접목해 고객 중심의 쇼핑 서비스를 지속 확대해 나가겠다”고 말했다.",https://imgnews.pstatic.net/image/119/2025/06/04/0002964729_001_20250604151507764.jpeg?type=w860,https://n.news.naver.com/mnews/article/119/0002964729,"['쇼핑', '엔', '티', '데일리안', '이나영', '기자', '쇼핑', '엔', '티', '일', '인공지능', '기술', '접목', '룩', '북', '패션', '브랜드', '관', '이번', '룩', '북', '콘텐츠', '기존', '정적', '착용', '이미지', '룩', '북', '실제', '착용', '듯', '자연', '움직임', '구현', '고객', '옷', '질감', '확인', '수', '듯', '실감', '경험', '확신', '구매', '판단', '현재', '벨', '리츠', '포함', '개', '브랜드', '룩', '북', '콘텐츠', '운영', '중', '브랜드', '매력', '효과', '전달', '고객', '몰입', '데', '중점', '쇼핑', '엔', '티', '기반', '채팅', '상담', '서비스', '쇼핑', '방송', '내용', '요약', '제공', '방송', '요약', '등', '기술', '접목', '고객', '경험', '강화', '이번', '룩', '북', '콘텐츠', '도입', '고객', '쇼핑', '만족도', '디지털', '혁신', '일환', '이은주', '쇼핑', '엔', '티', '서비스', '기획', '팀장', '룩', '북', '콘텐츠', '상품', '노출', '실제', '착용', '경험', '제공', '시도', '앞으로', '디지털', '기술', '접목', '고객', '중심', '쇼핑', '서비스', '지속', '확대', '말']",-1,"['경제-금융_재테크', '지역-강원', '경제-경제일반', '경제-취업_창업', '사회-사회일반', 'IT_과학-콘텐츠', '문화-방송_연예', '경제-증권_증시', 'IT_과학-모바일', '경제-자동차', 'IT_과학-인터넷_SNS', 'IT_과학-과학', 'IT_과학-보안', '사회-미디어', '경제-서비스_쇼핑', '문화-요리_여행', 'IT_과학-IT_과학일반', '스포츠-스포츠일반', '스포츠-올림픽_아시안게임']"
생활경제,"파라다이스, 72억 규모 자사주 소각…“주주가치 제고”","[이데일리 김정유 기자] 파라다이스(034230)는 주주가치 제고의 일환으로 72억원 규모의 자기주식을 소각한다고 4일 밝혔다.



이번에 소각한 주식은 회사가 보유한 541만여주 가운대 10%인 54만 1130주다. 이는 지난 3월 파라다이스가 공시한 기업가치 제고 실질 이행에 따른 것이다.파라다이스는 주주가치 제고를 위해 배당 성향을 지속 확대하고 자사주를 점진적으로 소각하는 등 사업 성과를 공유하는 주주환원책을 제시한 바 있다.이번 소각을 통해 실제 주주환원율은 지난해 지배주주 지분 순이익 기준 17.1%에서 26.7%로 약 9.5%포인트 상승했다.회사 관계자는 “기업가치 제고 공시에 대한 실질 이행을 통해 시장 신뢰도를 높이는 한편 다양한 주주 환원 정책을 통해 기업의 이익을 공유하겠다”며 “앞으로도 ESG 경영 강화를 통해 기업의 사회적 책임에 힘을 쏟겠다”고 밝혔다.",https://imgnews.pstatic.net/image/018/2025/06/04/0006031045_001_20250604151507597.jpg?type=w860,https://n.news.naver.com/mnews/article/018/0006031045,"['이데일리', '김', '정유', '기자', '파라다이스', '주주', '가치', '제고', '일환', '원', '규모', '자기주식', '소각', '일', '이번', '소각', '주식', '회사', '보유', '여주', '가운', '대', '주', '3월', '파라다이스', '공시', '기업가', '제고', '실질', '이행', '것', '파라다이스', '주주', '가치', '제고', '배당', '성향', '지속', '확대', '자', '사주', '점진', '소각', '등', '사업', '성과', '공유', '주주', '환원', '책', '제시', '바', '이번', '소각', '실제', '주주', '환원', '지난해', '지배', '주주', '지분', '순이익', '기준', '포인트', '상승', '회사', '관계자', '기업가', '제고', '공시', '실질', '이행', '시장', '신뢰도', '한편', '주주', '환원', '정책', '기업', '이익', '공유', '앞으로', '경영', '강화', '기업의 사회적 책임', '힘']",-1,"['경제-금융_재테크', '경제-부동산', '정치-청와대', '정치-행정_자치', '정치-국회_정당', '정치-선거', '지역-강원', '경제-경제일반', '국제-중국', '국제-미국_북미', '경제-유통', '사회-사건_사고', '경제-취업_창업', '사회-사회일반', '지역-경기', '지역-제주', '지역-대구', '사회-노동_복지', '지역-충남', '지역-광주', '지역-전북', 'IT_과학-콘텐츠', '국제-아시아', '지역-충북', '지역-대전', '정치-정치일반', '지역-울산', '경제-증권_증시', 'IT_과학-모바일', '지역-경남', '지역-부산', '지역-전남', '경제-자동차', '사회-여성', '경제-산업_기업', 'IT_과학-인터넷_SNS', 'IT_과학-과학', 'IT_과학-보안', '사회-미디어', '정치-북한', '경제-반도체', '경제-무역', '국제-러시아', '문화-학술_문화재', '국제-국제일반', '문화-생활', '국제-유럽_EU', '경제-서비스_쇼핑', '문화-미술_건축', '지역-지역일반', '경제-국제경제', '지역-경북', '스포츠-골프', '국제-중남미', '문화-문화일반', '문화-전시_공연', '국제-일본', '사회-장애인', '경제-외환', '사회-의료_건강', 'IT_과학-IT_과학일반', '경제-자원', '정치-외교', '스포츠-스포츠일반', '스포츠-농구_배구', '스포츠-야구-일본프로야구']"
생활경제,대선 끝나자마자…유통업계 대규모 할인행사 ‘스타트’,"‘역대 최대’ 롯데레드페스티벌 5일 시작이마트도 5일 ‘고래잇 페스타’ 돌입,이커머스는 여행·숙박상품 프로모션‘제2 성수기’ 6월, 소비심리 회복 기대[이데일리 김정유 기자] 국내 유통업계가 ‘제21대 대통령선거’가 끝나자마자 대규모 할인·프로모션을 전개하며 움츠렸던 소비심리 촉진에 나선다. 6월 쇼핑 성수기 진입에 더불어 최근 6개월간 시장을 압박했던 정치적 불확실성까지 해소되면서 소비자들의 지갑도 열릴 것이란 기대다.



사진=롯데유통군4일 관련 업계에 따르면 국내 유통업계를 이끄는 신세계그룹과 롯데그룹은 5일부터 경쟁적으로 대규모 쇼핑 축제를 전개한다. 전 국민의 관심을 모았던 21대 대선이 3일 마무리된 직후다. 유통업계에선 이번 대선을 기점으로 소비심리가 일부 개선될 것으로 기대하고 있다. 대형 유통그룹들의 대규모 행사는 위축됐던 국내 소비심리를 끌어올리는 역할을 할 것으로 보인다.롯데유통군은 통합 쇼핑 축제 ‘롯데레드페스티벌’을 5일부터 오는 22일까지 개최한다. 롯데유통군을 비롯해 롯데그룹 계열사 총 20개사, 30개 이상의 브랜드가 참여한다. 롯데유통군은 소비자들을 끌어오기 위해 눈에 띄는 이벤트도 마련했다. ‘최대 100만원 환급’을 골자로 한 이벤트다. 행사 규모도 역대 최대로 키웠다. 우선 롯데마트에선 수박과 최고 등급 한우를 최대 반값 할인 판매하고, 롯데백화점에서는 명품 브랜드에서 일정 금액 이상 구매시(롯데멤버스 카드 기준) 구매액의 7%를 롯데상품권으로 준다. 롯데아울렛에서도 10%를 상품권으로 증정한다. 롯데하이마트에선 냉방가전 행사상품 구매시 할인 혜택을 제공하며, 호텔롯데는 제주 숙박권을 최대 30%까지 할인한다.박상욱 롯데 유통군HQ 신사업·마케팅 본부장은 “연중 단 한 번 열리는 롯데레드페스티벌을 최대 규모, 최장 기간, 최다 품목 등 역대급으로 진행할 계획”이라고 강조했다.신세계그룹의 이마트(139480)도 5일부터 오는 8일까지 축산·신선식품부터 냉방가전, 침구, 생활용품 등 전방위 품목에서 할인을 해주는 ‘고래잇 페스타’를 진행한다. 한우부터 수입산 삼겹살, 체리(미국산), 활전복, 대형 참돔 등을 최대 50% 할인하고 생활필수품은 2개 이상 구매시 반값으로 판매한다. 대형 가전 제품들도 할인에 더해 최대 135만원의 추가 가격 혜택을 주는 등 공격적으로 프로모션에 나서고 있다.이커머스(전자상거래) 업계도 총출동한다. 11번가는 오는 17일까지 정부 주관의 ‘2025 숙박세일 페스타’에 참여해 총 4만개의 비수도권 숙박상품을 최대 9만원 할인된 가격에 판매한다. 롯데온 역시 오는 15일까지 여행상품을 최대 25% 할인하는 ‘여름박람회’를 전개한다. 유통업계는 이달부터 국내 소비가 활성화될 것으로 기대하고 있다. 실제 최근 한국은행이 발표한 5월 소비자심리지수(CCSI)는 101.8로, 지난 4월(93.8) 대비 8.0포인트 상승했는데, 조기 대선 이후를 기대하는 심리가 반영된 것으로 보고 있다. 더불어 6월은 최근 제2의 쇼핑성수기로 도약한 만큼, 시기적으로도 기회라는 의견이 나온다.유통업계 관계자는 “과거엔 연말연시, 명절 등이 대표적인 쇼핑 성수기였지만, 최근엔 유통업계의 대규모 프로모션과 기후 변화 등으로 6월이 부상하고 있다”며 “시기상으로 대선 직후이고, 소비심리 회복에 대한 기대감이 있는 상황에서 대형 유통업체들의 잇단 프로모션은 긍정적인 효과를 보일 것”이라고 했다.",https://imgnews.pstatic.net/image/018/2025/06/04/0006031043_001_20250604151307524.jpg?type=w860,https://n.news.naver.com/mnews/article/018/0006031043,"['역대', '최대', '롯데', '레드', '페스티벌', '일', '시작', '이마트', '일', '고래', '잇', '페스', '타', '돌입', '여행', '숙박', '상품', '프로모션', '성수기', '6월', '소비', '심리', '회복', '기대', '이데일리', '김', '정유', '기자', '국내', '유통업', '대', '대통령', '선거', '규모', '할인', '프로모션', '전개', '소비', '심리', '촉진', '6월', '쇼핑', '성수기', '진입', '최근', '개월', '간', '시장', '압박', '정치', '불확실성', '해소', '소비자', '지갑', '것', '사진', '롯데', '유통', '군', '일', '관련', '업계', '국내', '유통업', '신세계그룹', '롯데그룹', '일', '경쟁', '규모', '쇼핑', '축제', '전개', '국민', '관심', '대', '대선', '일', '마무리', '직후', '유통업', '이번', '대선', '기점', '소비', '심리', '일부', '개선', '것', '기대', '대형', '유통', '그룹', '규모', '행사', '위축', '국내', '소비', '심리', '역할', '것', '롯데', '유통', '군', '통합', '쇼핑', '축제', '롯데', '레드', '페스티벌', '일', '일', '개최', '롯데', '유통', '군', '롯데그룹', '계열사', '개사', '개', '이상', '브랜드', '참여', '롯데', '유통', '군', '소비자', '눈', '이벤트', '마련', '최대', '만원', '환급', '골자', '이벤트', '행사', '규모', '역대', '최대', '롯데마트', '에선', '수박', '최고', '등급', '한우', '최대', '반값', '할인', '판매', '롯데백화점', '명품', '브랜드', '일정', '금액', '이상', '매시', '롯데', '버스', '카드', '기준', '구매', '액', '롯데', '상품권', '상품권', '증정', '롯데하이마트', '에선', '냉방', '가전', '행사', '상품', '매시', '할인', '혜택', '제공', '호텔', '롯데', '제주', '숙박', '최대', '할인', '박상욱', '롯데', '유통', '군', 'HQ', '사업', '마케팅', '본부장', '연중', '번', '롯데', '레드', '페스티벌', '최대', '규모', '최장', '기간', '최다', '품목', '등', '역대', '급', '진행', '계획', '강조', '신세계그룹', '이마트', '일', '일', '축산', '신선', '식품', '냉방', '가전', '침구', '생활', '용품', '등', '방위', '품목', '할인', '고래', '잇', '페스', '타', '진행', '한우', '수입', '삼겹살', '체리', '미국', '산', '활', '전복', '대형', '참돔', '등', '최대', '할인', '생활필수품', '개', '이상', '매시', '반값', '판매', '대형', '가전', '제품', '할인', '최대', '만원', '추가', '가격', '혜택', '등', '공격', '프로모션', '업계', '총출동', '11번가', '일', '정부', '주관', '숙박', '세일', '페스', '타', '참여', '개', '수도권', '숙박', '상품', '최대', '만원', '할인', '가격', '판매', '롯데', '일', '여행', '상품', '최대', '할인', '여름', '박람회', '전개', '유통업', '이달', '국내', '소비', '활성', '것', '기대', '실제', '최근', '한국은행', '발표', '5월', '소비자', '심리', '지수', '4월', '대비', '포인트', '상승', '조기', '대선', '이후', '기대', '심리', '반영', '것', '6월', '최근', '쇼핑', '성수', '기로', '도약', '만큼', '시기', '기회', '의견', '유통업', '관계자', '과거', '연말연시', '명절', '등', '대표', '쇼핑', '성수기', '최근', '유통업', '규모', '프로모션', '기후 변화', '등', '6월', '부상', '있다', '시기', '대선', '직후', '소비', '심리', '회복', '기대감', '상황', '대형', '유통', '업체', '프로모션', '긍정', '효과', '것']",-1,"['경제-금융_재테크', '경제-부동산', '정치-청와대', '정치-행정_자치', '정치-국회_정당', '정치-선거', '지역-강원', '경제-경제일반', '국제-중국', '국제-미국_북미', '경제-유통', '사회-사건_사고', '경제-취업_창업', '사회-사회일반', '지역-경기', '지역-제주', '지역-대구', '사회-노동_복지', '지역-충남', '지역-광주', '지역-전북', 'IT_과학-콘텐츠', '국제-아시아', '지역-충북', '지역-대전', '정치-정치일반', '지역-울산', '경제-증권_증시', 'IT_과학-모바일', '지역-경남', '지역-부산', '사회-교육_시험', '지역-전남', '경제-자동차', '사회-여성', '경제-산업_기업', 'IT_과학-인터넷_SNS', 'IT_과학-과학', 'IT_과학-보안', '문화-출판', '사회-환경', '사회-미디어', '정치-북한', '경제-반도체', '경제-무역', '국제-러시아', '문화-학술_문화재', '국제-국제일반', '문화-생활', '국제-유럽_EU', '경제-서비스_쇼핑', '문화-미술_건축', '지역-지역일반', '경제-국제경제', '지역-경북', '스포츠-골프', '국제-중남미', '문화-문화일반', '국제-중동_아프리카', '문화-전시_공연', '국제-일본', '사회-장애인', '문화-영화', '문화-음악', '문화-요리_여행', '경제-외환', '사회-의료_건강', 'IT_과학-IT_과학일반', '경제-자원', '정치-외교', '스포츠-스포츠일반', '스포츠-농구_배구', '스포츠-축구', '스포츠-올림픽_아시안게임', '스포츠-야구-일본프로야구']"
경제 일반,"한국투자증권, 미국 주식 소수점 투자 기능 MTS에 도입","해외주식 1주 단위 아닌 1000원 단위로 투자기존 '미니스탁' 앱으로 제공되던 소수점 투자 기능도 유지



ⓒ한국투자증권[데일리안 = 강현태 기자] 한국투자증권은 4일 자사 모바일트레이딩시스템(MTS) '한국투자' 앱에 미국 주식 소수점 투자 기능을 확대 도입했다고 밝혔다.한투증권은 그간 별도 앱인 '미니스탁'을 통해 미국 주식 소수점 매매 서비스를 제공해 왔다.한투증권 측은 ""이번 업데이트를 통해 기존 미니스탁 이용자뿐 아니라 MTS 사용자들도 동일한 소수점 투자 기능을 이용할 수 있게 됐다""며 :기존 미니스탁 앱의 소수점 투자 기능 또한 변함없이 제공된다""고 전했다.소수점 투자는 고가의 해외주식도 1주 단위가 아닌 1000원 단위로 나눠 투자할 수 있는 서비스다. 자금 부담이 적고, 다양한 종목에 분산 투자하기 편하다는 장점이 있다. 특히 초보 투자자나 젊은 투자층에게 접근성을 높여주는 수단으로 평가된다.박재현 개인고객그룹장은 ""이번 MTS 서비스 확대로 해외주식 투자자들의 투자 접근성과 편의성이 크게 개선될 것""이라며 ""앞으로도 투자자 중심의 다양한 서비스를 지속적으로 확대해 나갈 계획""이라고 밝혔다.",https://imgnews.pstatic.net/image/119/2025/06/04/0002964735_001_20250604152512786.jpeg?type=w860,https://n.news.naver.com/mnews/article/119/0002964735,"['해외', '주식', '주', '단위', '원', '단위', '투자', '기존', '미', '니스', '탁', '제공', '소수점', '투자', '기능', '유지', '한국', '투자', '증권', '데일리안', '강현', '태', '기자', '한국', '투자', '증권', '일', '자사', '모바일', '트레이딩', '시스템', '한국', '투자', '미국', '주식', '소수점', '투자', '기능', '확대', '도입', '한투', '증권', '그간', '별도', '미', '니스', '탁', '미국', '주식', '소수점', '매매', '서비스', '제공', '한투', '증권', '측', '이번', '업데이트', '기존', '미', '니스', '탁', '이용자', '사용자', '소수점', '투자', '기능', '이용', '수', '기존', '미', '니스', '탁', '소수점', '투자', '기능', '제공', '소수점', '투자', '고가', '해외', '주식', '주', '단위', '원', '단위', '투자', '수', '서비스', '자금', '부담', '종목', '분산', '투자', '장점', '초보', '투자자', '투자', '접근성', '수단', '평가', '박재현', '개인', '고객', '그룹', '장', '이번', '서비스', '확대', '해외', '주식 투자', '자', '투자', '접근성', '편의', '개선', '것', '앞으로', '투자자', '중심', '서비스', '지속', '확대', '계획']",-1,"['경제-금융_재테크', '경제-부동산', '정치-청와대', '지역-강원', '경제-경제일반', '국제-중국', '국제-미국_북미', '경제-유통', '사회-사건_사고', '경제-취업_창업', '사회-사회일반', '지역-경기', '지역-제주', '지역-대구', '지역-충남', '지역-전북', 'IT_과학-콘텐츠', '국제-아시아', '지역-충북', '지역-대전', '정치-정치일반', '지역-울산', '경제-증권_증시', 'IT_과학-모바일', '지역-경남', '지역-부산', '지역-전남', '경제-자동차', '경제-산업_기업', 'IT_과학-인터넷_SNS', 'IT_과학-과학', 'IT_과학-보안', '문화-출판', '사회-환경', '정치-북한', '경제-반도체', '경제-무역', '국제-국제일반', '문화-생활', '국제-유럽_EU', '경제-서비스_쇼핑', '문화-미술_건축', '경제-국제경제', '스포츠-골프', '국제-중남미', '문화-문화일반', '국제-중동_아프리카', '문화-종교', '문화-전시_공연', '국제-일본', '문화-영화', '문화-요리_여행', '경제-외환', '사회-의료_건강', 'IT_과학-IT_과학일반', '경제-자원', '정치-외교', '스포츠-스포츠일반', '스포츠-농구_배구', '스포츠-축구', '스포츠-야구-일본프로야구']"
경제 일반,"한국타이어, 미국서 청소년 단체 설립 후원금 전달","BCGMT 지부 설립에 2만 달러 기부테네시공장 소재 클락스빌 청소년단체 후원



한국타이어의 미국 테네시주 청소년 단체 ‘미들 테네시 소년 소녀 클럽(BGCMT)’ 클락스빌 지부 설립 후원금 전달식 모습.한국타이어 제공한국타이어앤테크놀로지(이하 한국타이어)는 지난달 31일(현지시간) 미국 테네시주 소재 청소년 단체 ‘미들 테네시 소년 소녀 클럽·이하 BGCMT)’ 클락스빌 지부 설립을 위한 후원금 2만 달러를 기부했다고 4일 밝혔다.BGCMT는 미국 내 청소년을 위한 자발적 방과 후 프로그램 제공을 목적으로 지난 1860년 설립된 ‘미국 소년 소녀 클럽(BGCA)’에 뿌리를 둔 단체다. 이번 후원금을 활용해 이번 달에 한국타이어 테네시공장이 위치한 클락스빌 지역에 신규 지부를 설립하고 현지 청소년들에게 다양한 방과 후 프로그램과 전문 커리큘럼을 제공할 예정이다.이번 기부를 통해 한국타이어는 클락스빌의 미래를 이끌어 나갈 인재들에 대한 지원과 함께 테네시공장 임직원을 포함한 지역사회 구성원 가족들의 학업 향상과 공동체 의식 함양에 기여할 것으로 기대하고 있다.한편, 한국타이어는 지난 2017년 미국 테네시공장 건립 이후, 테네시 지역 각계각층을 대상으로 밀착형 사회공헌활동을 꾸준히 전개해오며 지역사회와의 동반 성장에 앞장서고 있다.대표적으로 장애인 미군재향회(DAV)와 연계한 일자리 제공, 이동 환경 개선·심리 치료 지원 사업 등을 이어오며 퇴역 군인과 그 가족들의 삶의 질 향상에 도움을 주고 있다. 이외에도, 취약계층 자녀 장학사업, 자연재해 복구 성금 기탁과 자원봉사 등 전방위적 활동을 펼치며 나눔의 가치 실천에 앞장서고 있다.",https://imgnews.pstatic.net/image/082/2025/06/04/0001329078_001_20250604152312951.jpg?type=w860,https://n.news.naver.com/mnews/article/082/0001329078,"['지부', '설립', '달러', '기부', '테네시', '공장', '소재', '락스', '빌', '청소년', '단체', '후원', '한국타이어', '미국', '테네시주', '청소년', '단체', '미', '테네시', '소년', '소녀', '클럽', '락스', '빌', '지부', '설립', '후원금', '전달식', '모습', '한국타이어', '제공', '한국타이어', '앤', '테크놀로지', '이하', '한국타이어', '지난달', '일', '현지', '시간', '미국', '테네시주', '소재', '청소년', '단체', '미', '테네시', '소년', '소녀', '클럽', '이하', '락스', '빌', '지부', '설립', '후원금', '달러', '기부', '일', '미국', '청소년', '자발', '방', '후', '프로그램', '제공', '목적', '년', '설립', '미국', '소년', '소녀', '클럽', '뿌리', '단체', '이번', '후원금', '활용', '이번', '달', '한국타이어', '테네시', '공장', '위치', '락스', '빌', '지역', '신규', '지부', '설립', '현지', '청소년', '방', '후', '프로그램', '전문', '커리큘럼', '제공', '예정', '이번', '기부', '한국타이어', '락스', '빌', '미래', '인재', '지원', '테네시', '공장', '임직원', '포함', '지역', '사회', '구성원', '가족', '학업', '향상', '공동체', '의식', '함양', '기여', '것', '기대', '한편', '한국타이어', '년', '미국', '테네시', '공장', '건립', '이후', '테네시', '지역', '각계각층', '대상', '밀착', '사회', '공헌', '활동', '전개', '지역', '사회', '동반', '성장', '대표', '장애인', '미군', '향회', '연계', '일자리', '제공', '이동', '환경', '개선', '심리', '치료', '지원', '사업', '등', '퇴역 군인', '가족', '삶의 질', '향상', '도움', '이외', '계층', '자녀', '장학', '사업', '자연', '재해 복구', '성금', '기탁', '자원봉사', '등', '방위', '활동', '가치', '실천']",-1,"['경제-부동산', '정치-청와대', '정치-행정_자치', '정치-국회_정당', '정치-선거', '지역-강원', '경제-경제일반', '국제-중국', '국제-미국_북미', '경제-유통', '경제-취업_창업', '사회-사회일반', '지역-경기', '지역-제주', '지역-대구', '사회-노동_복지', '지역-충남', '지역-광주', '지역-전북', 'IT_과학-콘텐츠', '국제-아시아', '지역-충북', '지역-대전', '정치-정치일반', '문화-방송_연예', '지역-울산', '경제-증권_증시', 'IT_과학-모바일', '지역-경남', '지역-부산', '사회-교육_시험', '지역-전남', '경제-자동차', '사회-여성', '경제-산업_기업', 'IT_과학-인터넷_SNS', 'IT_과학-과학', 'IT_과학-보안', '문화-출판', '사회-환경', '사회-미디어', '정치-북한', '경제-반도체', '경제-무역', '국제-러시아', '문화-학술_문화재', '국제-국제일반', '문화-생활', '국제-유럽_EU', '경제-서비스_쇼핑', '문화-미술_건축', '지역-지역일반', '경제-국제경제', '지역-경북', '스포츠-골프', '국제-중남미', '문화-문화일반', '국제-중동_아프리카', '문화-종교', '문화-전시_공연', '국제-일본', '사회-장애인', '문화-영화', '문화-요리_여행', '경제-외환', '사회-의료_건강', 'IT_과학-IT_과학일반', '경제-자원', '정치-외교', '스포츠-스포츠일반', '스포츠-농구_배구', '스포츠-축구', '스포츠-올림픽_아시안게임', '스포츠-야구', '스포츠-야구-일본프로야구']"
경제 일반,"가스公, LNG 터미널 안전성 제고…기술 동향 공유·현안 토의","대형 가스저장시설 안전관리 실무회의설비 정비 분야 안전 혁신 성과 등 공유



[세종=뉴시스]대형 가스저장시설 안전관리 협의회 실무자 회의 단체 기념사진이다.(사진=한국가스공사 제공) *재판매 및 DB 금지[세종=뉴시스]손차민 기자 = 한국가스공사가 4일부터 이틀간 제주에서 액화천연가스(LNG) 터미널 안전성 향상을 위한 '대형 가스저장시설 안전관리 협의회 실무자 회의'를 개최한다고 밝혔다.이번 행사에는 가스공사와 한국가스안전공사, 한국가스기술공사, 민간 LNG 터미널 사업자 등 9개사 관계자 30여명이 참석했다.대형 가스저장시설의 안전관리 수준을 강화하기 위한 협의회를 통해 정부와 업계는 최신 법령 개정 사항이나 사고 사례, 현장 안전관리 현황을 공유하는 등 선제적인 사고 예방 활동을 펼치고 있다.이번 협의회에서 참석자들은 ▲4차 산업 기반의 천연가스 설비 정비 분야 안전 혁신 성과 ▲안티드론 시스템 ▲저장탱크 안전등급제 ▲방폭지역 내 전기차 운영에 관한 연구 결과 등 최신 업계 동향과 LNG 터미널 안전·보안 관련 기술 정보를 공유했다.가스공사 관계자는 ""이번 협의회에서 다룬 LNG 터미널 안전관리 강화 방안을 현장에 적용해 안전하고 안정적인 천연가스 공급에 매진하고 업계와의 긴밀한 협력으로 국가 LNG 산업의 첨단 경쟁력 제고에 힘쓰겠다""고 말했다.",https://imgnews.pstatic.net/image/003/2025/06/04/NISI20250604_0001859605_web_20250604151933_20250604152321528.jpg?type=w860,https://n.news.naver.com/mnews/article/003/0013286321,"['대형', '가스', '저장', '시설', '안전', '관리', '실무', '회의', '설비', '정비', '분야', '안전', '혁신', '성과', '등', '공유', '세종', '뉴시스', '대형', '가스', '저장', '시설', '안전', '관리', '협의회', '실무자', '회의', '단체', '기념사진', '사진', '한국가스공사', '제공', '판매', '금지', '세종', '뉴시스', '손', '차', '민', '기자', '한국가스공사', '일', '이틀', '간', '제주', '액화천연가스', '터미널', '안전', '향상', '대형', '가스', '저장', '시설', '안전', '관리', '협의회', '실무자', '회의', '개최', '이번', '행사', '가스', '공사', '한국가스안전공사', '한국가스기술공사', '민간', '터미널', '사업자', '등', '개사', '관계자', '여명', '참석', '대형', '가스', '저장', '시설', '안전', '관리', '수준', '강화', '협의회', '정부', '업계', '최신', '법령', '개정', '사항', '사고', '사례', '현장', '안전', '관리', '현황', '공유', '등', '선제', '사고', '예방', '활동', '이번', '협의회', '참석자', '차', '산업', '기반', '천연가스', '설비', '정비', '분야', '안전', '혁신', '성과', '안티', '드', '시스템', '저장', '탱크', '안전', '등급제', '방', '폭', '지역', '기차', '운영', '연구', '결과', '등', '최신', '업계', '동향', '터미널', '안전', '보안', '관련', '기술', '정보', '공유', '가스', '공사', '관계자', '이번', '협의회', '터미널', '안전', '관리', '강화', '방안', '현장', '적용', '안전', '안정', '천연가스', '공급', '매진', '업계', '협력', '국가', '산업', '첨단', '경쟁력', '제고', '말']",-1,"['경제-금융_재테크', '경제-부동산', '정치-청와대', '정치-행정_자치', '정치-국회_정당', '정치-선거', '지역-강원', '경제-경제일반', '국제-중국', '국제-미국_북미', '경제-유통', '사회-사건_사고', '경제-취업_창업', '사회-사회일반', '지역-경기', '지역-제주', '지역-대구', '사회-노동_복지', '지역-충남', '지역-광주', '지역-전북', 'IT_과학-콘텐츠', '국제-아시아', '지역-충북', '지역-대전', '정치-정치일반', '문화-방송_연예', '지역-울산', 'IT_과학-모바일', '지역-경남', '지역-부산', '사회-교육_시험', '지역-전남', '경제-자동차', '사회-여성', '경제-산업_기업', 'IT_과학-인터넷_SNS', 'IT_과학-과학', 'IT_과학-보안', '사회-환경', '사회-미디어', '정치-북한', '경제-반도체', '경제-무역', '국제-러시아', '문화-학술_문화재', '국제-국제일반', '문화-생활', '국제-유럽_EU', '경제-서비스_쇼핑', '지역-지역일반', '경제-국제경제', '지역-경북', '국제-중남미', '문화-문화일반', '국제-중동_아프리카', '문화-전시_공연', '국제-일본', '문화-요리_여행', '사회-의료_건강', 'IT_과학-IT_과학일반', '경제-자원', '정치-외교', '스포츠-스포츠일반', '스포츠-축구', '스포츠-월드컵', '스포츠-올림픽_아시안게임', '스포츠-야구-메이저리그']"
경제 일반,'D램 왕좌' 내준 삼성…2나노 전쟁에 운명,"<앵커>글로벌 D램 1위 자리를 SK하이닉스에 내준 삼성전자가 2나노 양산에 승부수를 던졌습니다.경쟁사 인사까지 영입하며 파운드리 1위인 TSMC와 격차를 줄이겠다는 전략입니다.간밤 열린 삼성전자 연례행사 '세이프 포럼'에서도 파운드리 고객사와 협력을 도모했습니다.산업부 김대연 기자와 자세히 살펴보겠습니다.김 기자, 삼성전자가 이번에 D램 1위를 처음 놓친 겁니까?<기자>삼성전자가 올해 1분기에 처음으로 D램 점유율 1위를 SK하이닉스에 빼앗겼습니다.트렌드포스와 카운터포인트리서치 자료에서 동시에 확인되는데요. 수치도 거의 동일합니다.SK하이닉스의 올해 1분기 D램 점유율이 36%인데요. 2%p 차이로 삼성전자를 역전했습니다.삼성전자가 SK하이닉스에 왕좌를 내준 건 고대역폭메모리(HBM) 때문입니다.고부가 제품인 HBM3E 출하량이 감소했고요. HBM을 중국에 직접 팔지도 못했습니다.반면, HBM 시장을 주도하는 SK하이닉스는 엔비디아에 HBM3E 12단 제품을 공급하고 있죠.실제로 삼성전자의 올해 1분기 D램 매출은 91억 달러, 우리 돈 12조 5천억 원을 기록했는데요.전 분기보다 19.1%나 줄어들면서 2위로 내려앉은 겁니다.<앵커>D램 1위 자리를 놓친 대신 파운드리에 힘을 싣고 있다고요?<기자>우선 D램도 설계를 바꾸고 수율 개선에 나선 것으로 파악됩니다.D램은 삼성전자가 절치부심해서 제품을 잘 만들면 되거든요.파운드리는 상황이 조금 다릅니다. 고객의 수요에 맞아떨어져야 하고요.한 고객사만 확보해도 수조 원의 매출이 발생할 수 있습니다.삼성전자 파운드리 사업에서 올해 1분기에만 2조 원 넘는 적자를 낸 것으로 알려지는데요.그만큼 고객사 확보에 열을 올리고 있습니다.어느 정도냐면요, 경쟁사인 TSMC 인사를 데려올 정도입니다.삼성전자 미주법인은 지난 3월 마가렛 한을 파운드리 총괄 부사장급 임원으로 영입했습니다.마가렛 한 부사장은 TSMC에서 21년간 재직했는데요.북미 고객 대응을 맡은 파운드리 전문가입니다.삼성전자에서도 현지 고객 확보에 기여할 것으로 평가받습니다.<앵커>그렇다면 삼성전자는 어떻게 고객을 유치하고 있습니까?<기자>삼성전자가 전날 미국 새너제이에서 '세이프 포럼 2025'를 열었는데요.세이프 포럼은 삼성전자가 파운드리 고객사와 친목을 다지는 연례행사입니다.같은 날 '파운드리 포럼'도 비공개로 개최했는데요.삼성전자가 3나노 이하 공정에서 수율 부진을 겪고 있죠.이 때문에 파트너사들과 협력을 강화하는 등 내실 다지기에 집중하고 있습니다.특히 최근 긍정적인 분위기도 감지되는데요.일본 닌텐도가 내일 출시하는 차세대 게임기 '스위치 2'의 주요 반도체 공급업체가 바로 삼성전자입니다.글로벌 파운드리 1위 TSMC를 제친 겁니다.물론 스위치 2 칩셋에 적용되는 것은 8나노 공정입니다.최선단 공정은 아니더라도 레거시 공정에서 기술력을 입증할 기회입니다.고객사 신뢰도를 높이고, 안정적인 수익을 확보하는 길이 동시에 열리는 셈입니다.<앵커>TSMC도 이미 글로벌 빅테크를 고객사로 확보했다고 알려지는데요.올해 하반기가 파운드리 분수령이라고요?<기자>네, 삼성전자와 TSMC 모두 올해 하반기에 2나노 공정을 양산할 계획입니다.삼성전자는 1분기 보고서에서 ""하반기에는 2나노 모바일향 제품을 양산해 신규로 출하할 예정""이라고 밝혔습니다.같은 시기 TSMC도 대만 신주과학단지 바오산공장과 가오슝 공장에서 2나노 공정 제품 양산에 돌입합니다.TSMC는 이번 2나노에 게이트올어라운드(GAA) 기술을 처음 적용하는데요.사실 삼성전자는 이미 3나노부터 GAA 노하우를 쌓아왔습니다.GAA는 반도체를 구성하는 트랜지스터의 채널과 게이트가 4면에서 맞닿는 구조인데요.원래 3나노까지는 3면만 닿는 핀펫 기술을 쓰거든요.GAA가 핀펫보다 전류 누설이 적고 연산 속도가 더 빠르다는 장점이 있습니다.문제는 이 기술을 먼저 시작한 건 삼성전자인데, 글로벌 빅테크가 TSMC 손을 잡고 있다는 건데요.TSMC가 2나노 이하 공정에서 애플과 엔비디아, AMD, 퀄컴 등을 고객사로 확보한 것으로 전해집니다.<앵커>삼성전자가 빨랐는데, 글로벌 고객사들이 TSMC에 향하는 이유가 뭡니까?<기자>수율 때문입니다. 고질적인 문제죠.현재 양산된 반도체 기준으로 최선단 공정은 3나노인데요.카운터포인트리서치에 따르면 최근 TSMC의 3나노 공정이 가동률 100%에 도달했습니다.양산을 시작한 이후 5분기 만인데요.2나노 공정은 4개 분기 만에 완전 가동률을 기록할 것이라는 예측이 나옵니다.TSMC 2나노 수율은 현재 60%, 삼성전자는 30~40% 수준으로 알려지는데요.통상 파운드리 양산을 하려면 수율이 60%는 넘어야 합니다.지난해 4분기 기준 TSMC와 삼성전자의 파운드리 점유율 격차는 58.9%p인데요.삼성전자의 2나노 공정이 내년 초에 출시될 '갤럭시 S26'에 들어가는 '엑시노스 2600'에 탑재될 전망이거든요.이미 3나노 공정으로 만드는 '엑시노스 2500'은 성능이 떨어져 양산 일정이 미뤄졌죠.삼성전자가 엑시노스 2600을 성공적으로 양산하면, TSMC와의 점유율 격차를 좁힐 수 있을 것이라는 관측이 나옵니다.이를 위해 엑시노스를 설계하는 시스템LSI사업부와 생산을 맡는 파운드리사업부의 협업이 중요하다는 평가입니다.<앵커>잘 들었습니다. 산업부 김대연 기자였습니다.",,https://n.news.naver.com/mnews/article/215/0001211547,"['앵커', '글로벌', '램', '위', '자리', 'SK하이닉스', '삼성전자', '나노', '양산', '승부수', '경쟁사', '인사', '영입', '파운드리', '위', '격차', '전략', '간밤', '삼성전자', '연례행사', '세이프', '포럼', '파운드리', '고객', '사와', '협력', '도모', '산업부', '김', '대연', '기자', '김', '기자', '삼성전자', '이번', '램', '위', '처음', '겁', '기자', '삼성전자', '올해', '분기', '처음', '램', '점유', '위', 'SK하이닉스', '트렌드', '포스', '카운터', '포인트', '리서치', '자료', '동시', '확인', '수치', 'SK하이닉스', '올해', '분기', '램', '점유', '차이', '삼성전자', '역전', '삼성전자', 'SK하이닉스', '왕좌', '건', '대역폭', '메모리', '때문', '고부', '제품', '출하', '량', '감소', '중국', '반면', '시장', '주도', 'SK하이닉스', '엔비디아', '단', '제품', '공급', '삼성전자', '올해', '분기', '램', '매출', '달러', '돈', '원', '기록', '분기', '위', '겁', '니다', '앵커', '램', '위', '자리', '대신', '파운드리', '힘', '있다', '고요', '기자', '램', '설계', '수', '개선', '것', '파악', '램', '삼성전자', '절치', '부심', '해서', '제품', '파운드리', '상황', '고객', '수요', '고객', '사마', '확보', '수조', '원', '매출', '발생', '수', '삼성전자', '파운드리', '사업', '올해', '분기', '원', '적자', '것', '고객', '사', '확보', '열', '정도', '냐', '경쟁사', '인사', '정도', '삼성전자', '미주', '법인', '3월', '마가렛', '한', '파운드리', '총괄', '부사장', '급', '임원', '영입', '마가렛', '부사장', '21년', '간', '재직', '북미', '고객', '대응', '파운드리', '전문가', '삼성전자', '현지', '고객', '확보', '기여', '것', '평가', '앵커', '삼성전자', '고객', '기자', '삼성전자', '전날', '미국', '새너제이', '세이프', '포럼', '세이프', '포럼', '삼성전자', '파운드리', '고객', '사와', '친목', '연례행사', '날', '파운드리', '포럼', '공개', '개최', '삼성전자', '나노', '이하', '공정', '수', '부진', '때문', '파트너', '사', '협력', '강화', '등', '내실', '집중', '최근', '긍정', '분위기', '감지', '일본', '닌텐도', '내일', '출시', '차세대', '게임', '스위치', '반도체', '공급', '업체', '삼성전자', '글로벌', '파운드리', '위', '겁', '니다', '스위치', '칩셋', '적용', '것', '나노', '공정', '최선', '공정', '레거시', '공정', '기술력', '입증', '기회', '고객', '사', '신뢰도', '안정', '수익', '확보', '길', '동시', '셈', '앵커', '글로벌', '빅', '테크', '고객', '사', '확보', '올해', '하반기', '파운드리', '분수령', '기자', '삼성전자', '올해', '하반기', '나노', '공정', '양산', '계획', '삼성전자', '분기', '보고서', '하반기', '나노', '모바일', '향', '제품', '양산', '신규', '출하', '예정', '시기', '대만', '신주', '과학', '단지', '바', '오산', '공장', '가오슝', '공장', '나노', '공정', '제품', '양산', '돌입', '이번', '나노', '게이트', '어', '라운드', '기술', '처음', '적용', '사실', '삼성전자', '나노', '노하우', '반도체', '구성', '트랜지스터', '채널', '게이트', '면', '구조', '원래', '나노', '면', '기술', '전류', '누설', '연산', '속도', '장점', '문제', '기술', '시작', '건', '삼성전자', '글로벌', '빅', '테크', '손', '나노', '이하', '공정', '애플', '엔비디아', '퀄컴', '등', '고객', '사', '확보', '것', '앵커', '삼성전자', '글로벌', '고객', '사', '이유', '기자', '수유', '때문', '고질', '문제', '양산', '반도체', '기준', '최선', '공정', '나노', '카운터', '포인트', '리서치', '최근', '나노', '공정', '가동', '도달', '양산', '시작', '이후', '분기', '만', '나노', '공정', '개', '분기', '만', '완전', '가동', '기록', '것', '예측', '나노', '수', '삼성전자', '수준', '파운드리', '양산', '수', '지난해', '분기', '기준', '삼성전자', '파운드리', '점유', '격차', '삼성전자', '나노', '공정', '내년', '초', '출시', '갤럭시', '엑시', '노스', '탑재', '전망', '나노', '공정', '엑시', '노스', '성능', '양산', '일정', '삼성전자', '엑시', '노스', '을', '성공', '양산', '점유', '격차', '수', '것', '관측', '엑시', '노스', '설계', '시스템', '사업부', '생산', '파운드리', '사업부', '협업', '평가', '앵커', '산업부', '김', '대연', '기자']",-1,"['경제-금융_재테크', '경제-부동산', '정치-청와대', '정치-행정_자치', '정치-국회_정당', '정치-선거', '지역-강원', '경제-경제일반', '국제-중국', '국제-미국_북미', '경제-유통', '경제-취업_창업', '사회-사회일반', '지역-경기', '지역-제주', '지역-대구', '사회-노동_복지', '지역-충남', '지역-광주', '지역-전북', 'IT_과학-콘텐츠', '국제-아시아', '지역-충북', '지역-대전', '정치-정치일반', '문화-방송_연예', '지역-울산', '경제-증권_증시', 'IT_과학-모바일', '지역-경남', '지역-부산', '지역-전남', '경제-자동차', '경제-산업_기업', 'IT_과학-인터넷_SNS', 'IT_과학-과학', 'IT_과학-보안', '문화-출판', '사회-환경', '사회-미디어', '정치-북한', '경제-반도체', '경제-무역', '국제-러시아', '국제-국제일반', '문화-생활', '국제-유럽_EU', '경제-서비스_쇼핑', '문화-미술_건축', '지역-지역일반', '경제-국제경제', '지역-경북', '스포츠-골프', '국제-중남미', '문화-문화일반', '국제-중동_아프리카', '문화-전시_공연', '국제-일본', '사회-장애인', '문화-영화', '문화-요리_여행', '경제-외환', '사회-의료_건강', 'IT_과학-IT_과학일반', '경제-자원', '정치-외교', '스포츠-스포츠일반', '스포츠-농구_배구', '스포츠-축구-한국프로축구', '스포츠-축구', '스포츠-야구', '스포츠-야구-일본프로야구']"
경제 일반,"이재명 시대 ""어디서 일할까""…쪼개지는 경제부처, 인사 기대 만발","이재명 대통령이 4일 서울 용산 대통령실 청사에서 새 정부 첫 인사 발표를 하고 있다. 왼쪽부터 이종석 국정원장 후보자, 김민석 국무총리 후보자, 이 대통령, 강훈식 비서실장, 위성락 안보실장. (대통령실통신사진기자단) 2025.06.04. ""새 정부에 거는 기대가 큽니다. 정책 방향이 명확한 것 같거든요. 대규모 조직 개편도 예상돼 인사 측면에서도 기대가 있습니다.""(경제부처 간부 A씨)4일 이재명 정부가 출범한 가운데 경제 부처 실무진들 사이에선 기대와 함께 조용한 긴장감이 감돌고 있다. 겉으로는 ""예상된 결과""라는 반응이 대부분이지만 속내는 복잡하다. 정책 변화 못지않게 관가의 관심이 쏠리는 지점은 새 정부의 스타일, 조직 개편, 이에따른 , 인사 흐름이다.경제부처 간부 A씨는 ""정권 교체 자체는 놀랍지 않다""면서도 ""새 정부가 얼마나 빠르고 강하게 조직 개편 드라이브를 걸 것인지가 관건""이라고 말했다. 이재명 대통령은 △기획재정부 권한 분산 △기후에너지부 신설 △해양수산부의 부산 이전 등을 공약으로 내세웠다. 기재부는 예산 기능 분리 가능성이 높다.  산업통상자원부의 에너지 부문, 환경부의 기후 대응 부문도 통합돼 탄소 감축 전략을 수립하는 기후에너지부로 출범할 수 있다. 더불어민주당이 이 내용을 공약에 포함시키고 집권 즉시 추진하겠다고 예고한 만큼 경제 부처 내 관심이 크다. 장·차관 인선, 정부조직법 개정, 실무 분장 재조정 등 후속 조치를 둘러싼 기대와 우려가 뒤섞여 있다. 조직개편 논의는 인사와 직결된다. 새로운 부처로 가고 싶단 의향을 내비치는 실무자들도 있지만 현실적으론 빠른 조직 개편은 어려울 것이라는 분위기가 우세하다. 경제부처 사무관 B씨는 ""내부에선 새 조직에 지원해볼까 하는 기대감이 있지만 아직 먼 얘기""라며 ""부처가 조율해야 하는 일정 때문에 당장 나누기 어렵다. 내부적으론 연말 쯤 돼야 조직개편이 이뤄질 것으로 본다""고 말했다. 개편이 이뤄지면 어떤 기능이 남고 무엇을 강화할 지에 대한 관심도 크다. 산업부의 경우엔 에너지 외에도 자원 담당 부서가 기후에너지부로 나가게 될 지 관심사다. 내부적으론 에너지를 내준 만큼 인공지능(AI) 등 신산업을 가져와야 조직의 위상이 유지된다며 산업부서 역량 강화 방향성 등도 거론되는 것으로 전해졌다. 새 정부의 조직개편이 인사 적체 해소에 도움이 될 것인지도 주요 관심사다. 경제부처 간부 C씨는 ""기재부 같은 경우 이미 재정경제부와 기획예산처로 나눠졌던 경험이 있어서 그 때가 나았단 의견도 있다""며 ""인사 적체 해소에 대한 기대감이 크다""고 말했다.또 다른 간부 D씨는 ""기대하는 사람도 있고 우려하는 사람도 있다""며 ""부처가 쪼개지면 자리가 생길 수도 있지만 행정안전부에서 고위 간부 인원을 안 늘리면 달라지는 건 없다""고 말했다. 이 대통령 특유의 '톱다운' 스타일에 대한 반응은 신중하다. 대체로 정책 추진 속도가 빨라질 것 같다는 기대가 있지만 ""행정 경험이 많은 만큼 예측 가능한 방향일 수도 있다""는 평가도 나온다. 정부도 발 빠르게 대응하고 있다. 부처별로 업무보고 자료를 만들기 위한 논의와 회의를 진행하고 있다. 부처 장관의 인사청문회를 사전 에 준비하는 움직임도 포착된다. 다수당이 여당이 된 만큼 앞으로 정부가 일하기 편해질 것이란 전망도 많다. 경제부처 사무관 E씨는 ""'여소야대'보단 '여대야소'가 정부 입장에선 일하기 편할 거란 기대가 있다""고 전했다.",https://imgnews.pstatic.net/image/008/2025/06/04/0005203420_001_20250604152309790.jpg?type=w860,https://n.news.naver.com/mnews/article/008/0005203420,"['이재명', '대통령', '일', '서울', '용산', '대통령', '실', '청사', '정부', '인사', '발표', '왼쪽', '이종석', '국정원장', '후보자', '김민석', '국무총리', '후보자', '대통령', '강훈', '식', '비서실장', '위성락', '안보', '실장', '대통령', '실', '통신', '사진', '기자단', '정부', '것', '기대', '정책', '방향', '것', '규모', '조직', '개편', '예상', '인사', '측면', '기대', '경제', '부처', '간부', '씨', '일', '이재명', '정부', '출범', '가운데', '경제', '부처', '실무진', '사이에서', '기대', '긴장감', '겉', '예상', '결과', '반응', '대부분', '속내', '정책', '변화', '관가', '관심', '지점', '정부', '스타일', '조직', '개편', '인사', '흐름', '경제', '부처', '간부', '씨', '정권', '교체', '자체', '정부', '조직', '개편', '드라이브', '것', '인지', '관건', '말', '이재명', '대통령', '기획', '정부', '권한', '분산', '기후', '에너지부', '신설', '해양수산부', '부산', '이전', '등', '공약', '기재', '부', '예산', '기능', '분리', '산업', '통상', '자원부', '에너지', '부문', '환경부', '기후', '대응', '부문', '통합', '탄소', '감축', '전략', '수립', '기후', '에너지부', '출범', '수', '더불어민주당', '내용', '공약', '포함', '집권', '추진', '예고', '만큼', '경제', '부처', '관심', '장', '차관', '인선', '정부조직법', '개정', '실무', '분장', '조정', '등', '후속', '조치', '기대', '우려', '조직', '개편', '논의', '인사', '직결', '부처', '의향', '실무자', '현실', '조직', '개편', '것', '분위기', '우세', '경제', '부처', '사무관', '씨', '내부', '에선', '조직', '지원', '기대감', '얘기', '부처', '조율', '일', '정 때문에', '당장', '내부', '연말', '쯤', '조직', '개편', '것', '말', '개편', '기능', '강화', '지', '관심', '산업부', '경우', '에너지', '외', '자원', '담당', '부서', '기후', '에너지부', '지', '관심', '사다', '내부', '에너지', '만큼', '인공지능', '등', '산업', '조직', '위상', '유지', '산업부', '역량', '강화', '방향성', '등', '거론', '것', '정부', '조직', '개편', '인사', '적체', '해소', '도움', '것', '인지', '관심', '사다', '경제', '부처', '간부', '씨', '기재', '부', '경우', '재정', '경제부', '기획예산처', '경험', '때', '의견', '있다', '인사', '적체', '해소', '기대감', '말', '간부', '씨', '기대', '사람', '우려', '사람', '있다', '부처', '자리', '수', '행정', '안전부', '고위', '간부', '인원', '건', '말', '대통령', '특유', '톱', '다운', '스타일', '반응', '신중', '정책', '추진', '속도', '것', '기대', '행정', '경험', '만큼', '예측', '방향', '수', '있다', '평가', '정부', '발', '대응', '부처', '업무', '자료', '논의', '회의', '진행', '부처', '장관', '인사청문회', '사전', '준비', '움직임', '포착', '다수당', '여당', '만큼', '앞', '정부', '일', '것', '전망', '경제', '부처', '사무관', '씨', '여소야대', '여대야소', '정부', '입장', '일', '거란', '기대', '있다']",-1,"['경제-금융_재테크', '경제-부동산', '정치-청와대', '정치-행정_자치', '정치-국회_정당', '정치-선거', '지역-강원', '경제-경제일반', '국제-중국', '국제-미국_북미', '경제-유통', '사회-사건_사고', '경제-취업_창업', '사회-사회일반', '지역-경기', '지역-제주', '지역-대구', '사회-노동_복지', '지역-충남', '지역-전북', 'IT_과학-콘텐츠', '국제-아시아', '지역-충북', '지역-대전', '정치-정치일반', '문화-방송_연예', '지역-울산', '경제-증권_증시', '지역-경남', '지역-부산', '사회-교육_시험', '지역-전남', '경제-자동차', '사회-여성', '경제-산업_기업', 'IT_과학-과학', 'IT_과학-보안', '문화-출판', '사회-환경', '사회-미디어', '정치-북한', '경제-반도체', '경제-무역', '국제-러시아', '문화-학술_문화재', '국제-국제일반', '문화-생활', '국제-유럽_EU', '경제-서비스_쇼핑', '문화-미술_건축', '지역-지역일반', '경제-국제경제', '스포츠-골프', '국제-중남미', '문화-문화일반', '국제-중동_아프리카', '문화-종교', '문화-전시_공연', '국제-일본', '사회-장애인', '문화-음악', '문화-요리_여행', '경제-외환', '사회-의료_건강', 'IT_과학-IT_과학일반', '경제-자원', '정치-외교', '스포츠-스포츠일반', '스포츠-농구_배구', '스포츠-축구-한국프로축구', '스포츠-축구', '스포츠-올림픽_아시안게임', '스포츠-야구', '스포츠-야구-일본프로야구']"
